﻿<?xml version="1.0" encoding="utf-8"?>
<fmg>
<compression>None</compression>
<version>DarkSouls3</version>
<bigendian>False</bigendian>
<entries>
<text id="200">%null%</text>
<text id="1000">Type 1</text>
<text id="1100">Type 2</text>
<text id="1200">Type 3</text>
<text id="1300">Type 4</text>
<text id="1400">Type 5</text>
<text id="1500">Type 6</text>
<text id="1600">Type 7</text>
<text id="1700">Type 8</text>
<text id="1800">Type 9</text>
<text id="1900">Type 10</text>
<text id="2000">Type 11</text>
<text id="2100">Type 12</text>
<text id="2200">Type 13</text>
<text id="2300">Type 14</text>
<text id="2400">Type 15</text>
<text id="2500">Type 16</text>
<text id="2600">Type 17</text>
<text id="2700">Type 18</text>
<text id="2800">Type 19</text>
<text id="2900">Type 20</text>
<text id="3000">Type 1</text>
<text id="3100">Type 2</text>
<text id="3200">Type 3</text>
<text id="3300">Type 4</text>
<text id="3400">Type 5</text>
<text id="3500">Type 6</text>
<text id="3600">Type 7</text>
<text id="3700">Type 8</text>
<text id="3800">Type 9</text>
<text id="3900">Type 10</text>
<text id="4000">Type 11</text>
<text id="4100">Type 12</text>
<text id="4200">Type 13</text>
<text id="4300">Type 14</text>
<text id="4400">Type 15</text>
<text id="4500">Type 16</text>
<text id="4600">Type 17</text>
<text id="4700">Type 18</text>
<text id="4800">Type 19</text>
<text id="4900">Type 20</text>
<text id="5000">Travel Hairstyle</text>
<text id="10000">Head</text>
<text id="10100">Body</text>
<text id="10200">Arms</text>
<text id="10300">Legs</text>
<text id="40000">Iron Helmet</text>
<text id="40100">Scale Armor</text>
<text id="40200">Iron Gauntlets</text>
<text id="40300">Leather Trousers</text>
<text id="50000">Kaiden Helm</text>
<text id="50100">Kaiden Armor</text>
<text id="50200">Kaiden Gauntlets</text>
<text id="50300">Kaiden Trousers</text>
<text id="60000">Drake Knight Helm</text>
<text id="60100">Drake Knight Armor</text>
<text id="60200">Drake Knight Gauntlets</text>
<text id="60300">Drake Knight Greaves</text>
<text id="61000">Drake Knight Helm (Altered)</text>
<text id="61100">Drake Knight Armor (Altered)</text>
<text id="80000">Scaled Helm</text>
<text id="80100">Scaled Armor</text>
<text id="80200">Scaled Gauntlets</text>
<text id="80300">Scaled Greaves</text>
<text id="81100">Scaled Armor (Altered)</text>
<text id="90000">Perfumer Hood</text>
<text id="90100">Perfumer Robe</text>
<text id="90200">Perfumer Gloves</text>
<text id="90300">Perfumer Sarong</text>
<text id="91100">Perfumer Robe (Altered)</text>
<text id="100000">Traveler's Hat</text>
<text id="100100">Perfumer's Traveling Garb</text>
<text id="100200">Traveler's Gloves</text>
<text id="100300">Traveler's Slops</text>
<text id="101100">Perfumer's Traveling Garb (Altered)</text>
<text id="120000">Alberich's Pointed Hat</text>
<text id="120100">Alberich's Robe</text>
<text id="120200">Alberich's Bracers</text>
<text id="120300">Alberich's Trousers</text>
<text id="121000">Alberich's Pointed Hat (Altered)</text>
<text id="121100">Alberich's Robe (Altered)</text>
<text id="130000">Spellblade's Pointed Hat</text>
<text id="130100">Spellblade's Traveling Attire</text>
<text id="130200">Spellblade's Gloves</text>
<text id="130300">Spellblade's Trousers</text>
<text id="131100">Spellblade's Traveling Attire (Altered)</text>
<text id="140000">Bull-Goat Helm</text>
<text id="140100">Bull-Goat Armor</text>
<text id="140200">Bull-Goat Gauntlets</text>
<text id="140300">Bull-Goat Greaves</text>
<text id="150000">Iron Kasa</text>
<text id="150100">Ronin's Armor</text>
<text id="150200">Ronin's Gauntlets</text>
<text id="150300">Ronin's Greaves</text>
<text id="151100">Ronin's Armor (Altered)</text>
<text id="160000">Guilty Hood</text>
<text id="160100">Cloth Garb</text>
<text id="160200">Tarnished Wrap</text>
<text id="160300">Cloth Trousers</text>
<text id="170000">Black Wolf Mask</text>
<text id="170100">Blaidd's Armor</text>
<text id="170200">Blaidd's Gauntlets</text>
<text id="170300">Blaidd's Greaves</text>
<text id="171100">Blaidd's Armor (Altered)</text>
<text id="180000">Black Knife Hood</text>
<text id="180100">Black Knife Armor</text>
<text id="180200">Black Knife Gauntlets</text>
<text id="180300">Black Knife Greaves</text>
<text id="181100">Black Knife Armor (Altered)</text>
<text id="190000">Exile Hood</text>
<text id="190100">Exile Armor</text>
<text id="190200">Exile Gauntlets</text>
<text id="190300">Exile Greaves</text>
<text id="200000">Banished Knight Helm</text>
<text id="200100">Banished Knight Armor</text>
<text id="200200">Banished Knight Gauntlets</text>
<text id="200300">Banished Knight Greaves</text>
<text id="201000">Banished Knight Helm (Altered)</text>
<text id="201100">Banished Knight Armor (Altered)</text>
<text id="210000">Briar Helm</text>
<text id="210100">Briar Armor</text>
<text id="210200">Briar Gauntlets</text>
<text id="210300">Briar Greaves</text>
<text id="211100">Briar Armor (Altered)</text>
<text id="220000">Page Hood</text>
<text id="220100">Page Garb</text>
<text id="220300">Page Trousers</text>
<text id="221100">Page Garb (Altered)</text>
<text id="230000">Night's Cavalry Helm</text>
<text id="230100">Night's Cavalry Armor</text>
<text id="230200">Night's Cavalry Gauntlets</text>
<text id="230300">Night's Cavalry Greaves</text>
<text id="231000">Night's Cavalry Helm (Altered)</text>
<text id="231100">Night's Cavalry Armor (Altered)</text>
<text id="240000">Blue Silver Mail Hood</text>
<text id="240100">Blue Silver Mail Armor</text>
<text id="240200">Blue Silver Bracelets</text>
<text id="240300">Blue Silver Mail Skirt</text>
<text id="241100">Blue Silver Mail Armor (Altered)</text>
<text id="250000">Nomadic Merchant's Chapeau</text>
<text id="250100">Nomadic Merchant's Finery</text>
<text id="250300">Nomadic Merchant's Trousers</text>
<text id="251100">Nomadic Merchant's Finery (Altered)</text>
<text id="260000">Malformed Dragon Helm</text>
<text id="260100">Malformed Dragon Armor</text>
<text id="260200">Malformed Dragon Gauntlets</text>
<text id="260300">Malformed Dragon Greaves</text>
<text id="270000">Tree Sentinel Helm</text>
<text id="270100">Tree Sentinel Armor</text>
<text id="270200">Tree Sentinel Gauntlets</text>
<text id="270300">Tree Sentinel Greaves</text>
<text id="271100">Tree Sentinel Armor (Altered)</text>
<text id="280000">Royal Knight Helm</text>
<text id="280100">Royal Knight Armor</text>
<text id="280200">Royal Knight Gauntlets</text>
<text id="280300">Royal Knight Greaves</text>
<text id="281100">Royal Knight Armor (Altered)</text>
<text id="290000">Nox Monk Hood</text>
<text id="290100">Nox Monk Armor</text>
<text id="290200">Nox Monk Bracelets</text>
<text id="290300">Nox Monk Greaves</text>
<text id="291000">Nox Monk Hood (Altered)</text>
<text id="291100">Nox Monk Armor (Altered)</text>
<text id="292000">Nox Swordstress Crown</text>
<text id="292100">Nox Swordstress Armor</text>
<text id="293000">Night Maiden Twin Crown</text>
<text id="293100">Night Maiden Armor</text>
<text id="294000">Nox Swordstress Crown (Altered)</text>
<text id="294100">Nox Swordstress Armor (Altered)</text>
<text id="300000">Great Horned Headband</text>
<text id="300100">Fur Raiment</text>
<text id="300300">Fur Leggings</text>
<text id="301000">Shining Horned Headband</text>
<text id="301100">Shaman Furs</text>
<text id="301300">Shaman Leggings</text>
<text id="310000">Duelist Helm</text>
<text id="310100">Gravekeeper Cloak</text>
<text id="310300">Duelist Greaves</text>
<text id="311100">Gravekeeper Cloak (Altered)</text>
<text id="320000">Sanguine Noble Hood</text>
<text id="320100">Sanguine Noble Robe</text>
<text id="320300">Sanguine Noble Waistcloth</text>
<text id="330000">Guardian Mask</text>
<text id="330100">Guardian Garb (Full Bloom)</text>
<text id="330200">Guardian Bracers</text>
<text id="330300">Guardian Greaves</text>
<text id="331100">Guardian Garb</text>
<text id="340000">Cleanrot Helm</text>
<text id="340100">Cleanrot Armor</text>
<text id="340200">Cleanrot Gauntlets</text>
<text id="340300">Cleanrot Greaves</text>
<text id="341000">Cleanrot Helm (Altered)</text>
<text id="341100">Cleanrot Armor (Altered)</text>
<text id="350000">Fire Monk Hood</text>
<text id="350100">Fire Monk Armor</text>
<text id="350200">Fire Monk Gauntlets</text>
<text id="350300">Fire Monk Greaves</text>
<text id="351000">Blackflame Monk Hood</text>
<text id="351100">Blackflame Monk Armor</text>
<text id="351200">Blackflame Monk Gauntlets</text>
<text id="351300">Blackflame Monk Greaves</text>
<text id="360000">Fire Prelate Helm</text>
<text id="360100">Fire Prelate Armor</text>
<text id="360200">Fire Prelate Gauntlets</text>
<text id="360300">Fire Prelate Greaves</text>
<text id="361100">Fire Prelate Armor (Altered)</text>
<text id="370000">Aristocrat Headband</text>
<text id="370100">Aristocrat Garb</text>
<text id="370300">Aristocrat Boots</text>
<text id="371100">Aristocrat Garb (Altered)</text>
<text id="380000">Aristocrat Hat</text>
<text id="380100">Aristocrat Coat</text>
<text id="390000">Old Aristocrat Cowl</text>
<text id="390100">Old Aristocrat Gown</text>
<text id="390300">Old Aristocrat Shoes</text>
<text id="420000">Vulgar Militia Helm</text>
<text id="420100">Vulgar Militia Armor</text>
<text id="420200">Vulgar Militia Gauntlets</text>
<text id="420300">Vulgar Militia Greaves</text>
<text id="430000">Sage Hood</text>
<text id="430100">Sage Robe</text>
<text id="430300">Sage Trousers</text>
<text id="440000">Pumpkin Helm</text>
<text id="460000">Elden Lord Crown</text>
<text id="460100">Elden Lord Armor</text>
<text id="460200">Elden Lord Bracers</text>
<text id="460300">Elden Lord Greaves</text>
<text id="461100">Elden Lord Armor (Altered)</text>
<text id="470000">Radahn's Redmane Helm</text>
<text id="470100">Radahn's Lion Armor</text>
<text id="470200">Radahn's Gauntlets</text>
<text id="470300">Radahn's Greaves</text>
<text id="471100">Radahn's Lion Armor (Altered)</text>
<text id="480100">Lord of Blood's Robe</text>
<text id="481100">Lord of Blood's Robe (Altered)</text>
<text id="510000">Queen's Crescent Crown</text>
<text id="510100">Queen's Robe</text>
<text id="510200">Queen's Bracelets</text>
<text id="510300">Queen's Leggings</text>
<text id="520000">Godskin Apostle Hood</text>
<text id="520100">Godskin Apostle Robe</text>
<text id="520200">Godskin Apostle Bracelets</text>
<text id="520300">Godskin Apostle Trousers</text>
<text id="530000">Godskin Noble Hood</text>
<text id="530100">Godskin Noble Robe</text>
<text id="530200">Godskin Noble Bracelets</text>
<text id="530300">Godskin Noble Trousers</text>
<text id="540000">Depraved Perfumer Headscarf</text>
<text id="540100">Depraved Perfumer Robe</text>
<text id="540200">Depraved Perfumer Gloves</text>
<text id="540300">Depraved Perfumer Trousers</text>
<text id="541100">Depraved Perfumer Robe (Altered)</text>
<text id="570000">Crucible Axe Helm</text>
<text id="570100">Crucible Axe Armor</text>
<text id="570200">Crucible Gauntlets</text>
<text id="570300">Crucible Greaves</text>
<text id="571000">Crucible Tree Helm</text>
<text id="571100">Crucible Tree Armor</text>
<text id="572100">Crucible Axe Armor (Altered)</text>
<text id="573100">Crucible Tree Armor (Altered)</text>
<text id="580000">Lusat's Glintstone Crown</text>
<text id="580100">Lusat's Robe</text>
<text id="580200">Lusat's Manchettes</text>
<text id="580300">Old Sorcerer's Legwraps</text>
<text id="581000">Azur's Glintstone Crown</text>
<text id="581100">Azur's Glintstone Robe</text>
<text id="581200">Azur's Manchettes</text>
<text id="590000">All-Knowing Helm</text>
<text id="590100">All-Knowing Armor</text>
<text id="590200">All-Knowing Gauntlets</text>
<text id="590300">All-Knowing Greaves</text>
<text id="591100">All-Knowing Armor (Altered)</text>
<text id="600000">Twinned Helm</text>
<text id="600100">Twinned Armor</text>
<text id="600200">Twinned Gauntlets</text>
<text id="600300">Twinned Greaves</text>
<text id="601100">Twinned Armor (Altered)</text>
<text id="601300">Twinned Greaves (Altered)</text>
<text id="610000">Ragged Hat</text>
<text id="610100">Ragged Armor</text>
<text id="610200">Ragged Gloves</text>
<text id="610300">Ragged Loincloth</text>
<text id="611000">Ragged Hat (Altered)</text>
<text id="611100">Ragged Armor (Altered)</text>
<text id="620000">Prophet Blindfold</text>
<text id="620100">Corhyn's Robe</text>
<text id="620300">Prophet Trousers</text>
<text id="621100">Prophet Robe (Altered)</text>
<text id="622100">Prophet Robe</text>
<text id="630000">Astrologer Hood</text>
<text id="630100">Astrologer Robe</text>
<text id="630200">Astrologer Gloves</text>
<text id="630300">Astrologer Trousers</text>
<text id="631100">Astrologer Robe (Altered)</text>
<text id="640000">Lionel's Helm</text>
<text id="640100">Lionel's Armor</text>
<text id="640200">Lionel's Gauntlets</text>
<text id="640300">Lionel's Greaves</text>
<text id="641100">Lionel's Armor (Altered)</text>
<text id="650000">Hoslow's Helm</text>
<text id="650100">Hoslow's Armor</text>
<text id="650200">Hoslow's Gauntlets</text>
<text id="650300">Hoslow's Greaves</text>
<text id="651000">Diallos's Mask</text>
<text id="652100">Hoslow's Armor (Altered)</text>
<text id="660000">Vagabond Knight Helm</text>
<text id="660100">Vagabond Knight Armor</text>
<text id="660200">Vagabond Knight Gauntlets</text>
<text id="660300">Vagabond Knight Greaves</text>
<text id="661100">Vagabond Knight Armor (Altered)</text>
<text id="670000">Blue Cloth Cowl</text>
<text id="670100">Blue Cloth Vest</text>
<text id="670200">Warrior Gauntlets</text>
<text id="670300">Warrior Greaves</text>
<text id="680000">White Mask</text>
<text id="680100">War Surgeon Gown</text>
<text id="680200">War Surgeon Gloves</text>
<text id="680300">War Surgeon Trousers</text>
<text id="681100">War Surgeon Gown (Altered)</text>
<text id="690000">Royal Remains Helm</text>
<text id="690100">Royal Remains Armor</text>
<text id="690200">Royal Remains Gauntlets</text>
<text id="690300">Royal Remains Greaves</text>
<text id="700000">Brave's Cord Circlet</text>
<text id="700100">Brave's Battlewear</text>
<text id="700200">Brave's Bracer</text>
<text id="700300">Brave's Legwraps</text>
<text id="701000">Brave's Leather Helm</text>
<text id="702000">Brave's Battlewear (Altered)</text>
<text id="720000">Beast Champion Helm</text>
<text id="720100">Beast Champion Armor</text>
<text id="720200">Beast Champion Gauntlets</text>
<text id="720300">Beast Champion Greaves</text>
<text id="721100">Beast Champion Armor (Altered)</text>
<text id="730000">Champion Headband</text>
<text id="730100">Champion Pauldron</text>
<text id="730200">Champion Bracers</text>
<text id="730300">Champion Gaiters</text>
<text id="740000">Crimson Hood</text>
<text id="740100">Noble's Traveling Garb</text>
<text id="740200">Noble's Gloves</text>
<text id="740300">Noble's Trousers</text>
<text id="741000">Navy Hood</text>
<text id="760000">Maliketh's Helm</text>
<text id="760100">Maliketh's Armor</text>
<text id="760200">Maliketh's Gauntlets</text>
<text id="760300">Maliketh's Greaves</text>
<text id="761100">Maliketh's Armor (Altered)</text>
<text id="770000">Malenia's Winged Helm</text>
<text id="770100">Malenia's Armor</text>
<text id="770200">Malenia's Gauntlet</text>
<text id="770300">Malenia's Greaves</text>
<text id="771100">Malenia's Armor (Altered)</text>
<text id="780000">Veteran's Helm</text>
<text id="780100">Veteran's Armor</text>
<text id="780200">Veteran's Gauntlets</text>
<text id="780300">Veteran's Greaves</text>
<text id="781100">Veteran's Armor (Altered)</text>
<text id="790000">Bloodhound Knight Helm</text>
<text id="790100">Bloodhound Knight Armor</text>
<text id="790200">Bloodhound Knight Gauntlets</text>
<text id="790300">Bloodhound Knight Greaves</text>
<text id="791100">Bloodhound Knight Armor (Altered)</text>
<text id="800000">Festive Hood</text>
<text id="800100">Festive Garb</text>
<text id="801000">Festive Hood (Altered)</text>
<text id="801100">Festive Garb (Altered)</text>
<text id="802000">Blue Festive Hood</text>
<text id="802100">Blue Festive Garb</text>
<text id="810000">Commoner's Headband</text>
<text id="810100">Commoner's Garb</text>
<text id="810300">Commoner's Shoes</text>
<text id="811000">Commoner's Headband (Altered)</text>
<text id="811100">Commoner's Garb (Altered)</text>
<text id="812000">Commoner's Simple Garb</text>
<text id="812100">Commoner's Simple Garb (Altered)</text>
<text id="820000">Envoy Crown</text>
<text id="830000">Twinsage Glintstone Crown</text>
<text id="830100">Raya Lucarian Robe</text>
<text id="830200">Sorcerer Manchettes</text>
<text id="830300">Sorcerer Leggings</text>
<text id="831000">Olivinus Glintstone Crown</text>
<text id="832000">Lazuli Glintstone Crown</text>
<text id="833000">Karolos Glintstone Crown</text>
<text id="834000">Witch's Glintstone Crown</text>
<text id="834100">%null%</text>
<text id="840000">Marionette Soldier Helm</text>
<text id="840100">Marionette Soldier Armor</text>
<text id="850000">Marionette Soldier Birdhelm</text>
<text id="860000">Raging Wolf Helm</text>
<text id="860100">Raging Wolf Armor</text>
<text id="860200">Raging Wolf Gauntlets</text>
<text id="860300">Raging Wolf Greaves</text>
<text id="861100">Raging Wolf Armor (Altered)</text>
<text id="870000">Land of Reeds Helm</text>
<text id="870100">Land of Reeds Armor</text>
<text id="870200">Land of Reeds Gauntlets</text>
<text id="870300">Land of Reeds Greaves</text>
<text id="871100">Land of Reeds Armor (Altered)</text>
<text id="872000">Okina Mask</text>
<text id="872100">White Reed Armor</text>
<text id="872200">White Reed Gauntlets</text>
<text id="872300">White Reed Greaves</text>
<text id="880000">Confessor Hood</text>
<text id="880100">Confessor Armor</text>
<text id="880200">Confessor Gloves</text>
<text id="880300">Confessor Boots</text>
<text id="881000">Confessor Hood (Altered)</text>
<text id="881100">Confessor Armor (Altered)</text>
<text id="890000">Prisoner Iron Mask</text>
<text id="890100">Prisoner Clothing</text>
<text id="890300">Prisoner Trousers</text>
<text id="891000">Blackguard's Iron Mask</text>
<text id="900000">Traveling Maiden Hood</text>
<text id="900100">Traveling Maiden Robe</text>
<text id="900200">Traveling Maiden Gloves</text>
<text id="900300">Traveling Maiden Boots</text>
<text id="901100">Traveling Maiden Robe (Altered)</text>
<text id="902000">Finger Maiden Fillet</text>
<text id="902100">Finger Maiden Robe</text>
<text id="902300">Finger Maiden Shoes</text>
<text id="903100">Finger Maiden Robe (Altered)</text>
<text id="910000">Preceptor's Big Hat</text>
<text id="910100">Preceptor's Long Gown</text>
<text id="910200">Preceptor's Gloves</text>
<text id="910300">Preceptor's Trousers</text>
<text id="911000">Mask of Confidence</text>
<text id="911100">Preceptor's Long Gown (Altered)</text>
<text id="920000">Grass Hair Ornament</text>
<text id="930000">Skeletal Mask</text>
<text id="930100">Raptor's Black Feathers</text>
<text id="930200">Bandit Manchettes</text>
<text id="930300">Bandit Boots</text>
<text id="931100">Bandit Garb</text>
<text id="940000">Eccentric's Hood</text>
<text id="940100">Eccentric's Armor</text>
<text id="940200">Eccentric's Manchettes</text>
<text id="940300">Eccentric's Breeches</text>
<text id="941000">Eccentric's Hood (Altered)</text>
<text id="950000">Fingerprint Helm</text>
<text id="950100">Fingerprint Armor</text>
<text id="950200">Fingerprint Gauntlets</text>
<text id="950300">Fingerprint Greaves</text>
<text id="951100">Fingerprint Armor (Altered)</text>
<text id="960000">Consort's Mask</text>
<text id="960100">Consort's Robe</text>
<text id="960300">Consort's Trousers</text>
<text id="961000">Ruler's Mask</text>
<text id="961100">Ruler's Robe</text>
<text id="962100">Upper-Class Robe</text>
<text id="963000">Marais Mask</text>
<text id="963100">Marais Robe</text>
<text id="963200">Bloodsoaked Manchettes</text>
<text id="964000">Bloodsoaked Mask</text>
<text id="964100">Official's Attire</text>
<text id="970000">Omen Helm</text>
<text id="970100">Omen Armor</text>
<text id="970200">Omen Gauntlets</text>
<text id="970300">Omen Greaves</text>
<text id="980000">Carian Knight Helm</text>
<text id="980100">Carian Knight Armor</text>
<text id="980200">Carian Knight Gauntlets</text>
<text id="980300">Carian Knight Greaves</text>
<text id="981100">Carian Knight Armor (Altered)</text>
<text id="990000">Hierodas Glintstone Crown</text>
<text id="990100">Errant Sorcerer Robe</text>
<text id="990200">Errant Sorcerer Manchettes</text>
<text id="990300">Errant Sorcerer Boots</text>
<text id="991100">Errant Sorcerer Robe (Altered)</text>
<text id="1000000">Haima Glintstone Crown</text>
<text id="1000100">Battlemage Robe</text>
<text id="1000200">Battlemage Manchettes</text>
<text id="1000300">Battlemage Legwraps</text>
<text id="1010000">Snow Witch Hat</text>
<text id="1010100">Snow Witch Robe</text>
<text id="1010300">Snow Witch Skirt</text>
<text id="1011100">Snow Witch Robe (Altered)</text>
<text id="1020100">Traveler's Clothes</text>
<text id="1020200">Traveler's Manchettes</text>
<text id="1020300">Traveler's Boots</text>
<text id="1030000">Juvenile Scholar Cap</text>
<text id="1030100">Juvenile Scholar Robe</text>
<text id="1040000">Radiant Gold Mask</text>
<text id="1040100">Goldmask's Rags</text>
<text id="1040200">Gold Bracelets</text>
<text id="1040300">Gold Waistwrap</text>
<text id="1050100">Fell Omen Cloak</text>
<text id="1060000">Albinauric Mask</text>
<text id="1060100">Dirty Chainmail</text>
<text id="1070000">Zamor Mask</text>
<text id="1070100">Zamor Armor</text>
<text id="1070200">Zamor Bracelets</text>
<text id="1070300">Zamor Legwraps</text>
<text id="1080000">Imp Head (Cat)</text>
<text id="1081000">Imp Head (Fanged)</text>
<text id="1082000">Imp Head (Long-Tongued)</text>
<text id="1083000">Imp Head (Corpse)</text>
<text id="1084000">Imp Head (Wolf)</text>
<text id="1085000">Imp Head (Elder)</text>
<text id="1090000">Silver Tear Mask</text>
<text id="1100000">Chain Coif</text>
<text id="1100100">Chain Armor</text>
<text id="1100200">Chain Gauntlets</text>
<text id="1100300">Chain Leggings</text>
<text id="1101000">Greathelm</text>
<text id="1101100">Eye Surcoat</text>
<text id="1102100">Tree Surcoat</text>
<text id="1110000">Octopus Head</text>
<text id="1120000">Jar</text>
<text id="1130000">Mushroom Head</text>
<text id="1130100">Mushroom Body</text>
<text id="1130200">Mushroom Arms</text>
<text id="1130300">Mushroom Legs</text>
<text id="1300000">Nox Mirrorhelm</text>
<text id="1301000">Iji's Mirrorhelm</text>
<text id="1400000">Black Hood</text>
<text id="1400100">Leather Armor</text>
<text id="1400200">Leather Gloves</text>
<text id="1400300">Leather Boots</text>
<text id="1401000">Bandit Mask</text>
<text id="1500000">Knight Helm</text>
<text id="1500100">Knight Armor</text>
<text id="1500200">Knight Gauntlets</text>
<text id="1500300">Knight Greaves</text>
<text id="1600000">Greathood</text>
<text id="1700000">Godrick Soldier Helm</text>
<text id="1700100">Tree-and-Beast Surcoat</text>
<text id="1700200">Godrick Soldier Gauntlets</text>
<text id="1700300">Godrick Soldier Greaves</text>
<text id="1710000">Raya Lucarian Helm</text>
<text id="1710100">Cuckoo Surcoat</text>
<text id="1710200">Raya Lucarian Gauntlets</text>
<text id="1710300">Raya Lucarian Greaves</text>
<text id="1720000">Leyndell Soldier Helm</text>
<text id="1720100">Erdtree Surcoat</text>
<text id="1720200">Leyndell Soldier Gauntlets</text>
<text id="1720300">Leyndell Soldier Greaves</text>
<text id="1730000">Radahn Soldier Helm</text>
<text id="1730100">Redmane Surcoat</text>
<text id="1730200">Radahn Soldier Gauntlets</text>
<text id="1730300">Radahn Soldier Greaves</text>
<text id="1740100">Mausoleum Surcoat</text>
<text id="1740200">Mausoleum Gauntlets</text>
<text id="1740300">Mausoleum Greaves</text>
<text id="1750000">Haligtree Helm</text>
<text id="1750100">Haligtree Crest Surcoat</text>
<text id="1750200">Haligtree Gauntlets</text>
<text id="1750300">Haligtree Greaves</text>
<text id="1760000">Gelmir Knight Helm</text>
<text id="1760100">Gelmir Knight Armor</text>
<text id="1760200">Gelmir Knight Gauntlets</text>
<text id="1760300">Gelmir Knight Greaves</text>
<text id="1761100">Gelmir Knight Armor (Altered)</text>
<text id="1770000">Godrick Knight Helm</text>
<text id="1770100">Godrick Knight Armor</text>
<text id="1770200">Godrick Knight Gauntlets</text>
<text id="1770300">Godrick Knight Greaves</text>
<text id="1771100">Godrick Knight Armor (Altered)</text>
<text id="1780000">Cuckoo Knight Helm</text>
<text id="1780100">Cuckoo Knight Armor</text>
<text id="1780200">Cuckoo Knight Gauntlets</text>
<text id="1780300">Cuckoo Knight Greaves</text>
<text id="1781100">Cuckoo Knight Armor (Altered)</text>
<text id="1790000">Leyndell Knight Helm</text>
<text id="1790100">Leyndell Knight Armor</text>
<text id="1790200">Leyndell Knight Gauntlets</text>
<text id="1790300">Leyndell Knight Greaves</text>
<text id="1791100">Leyndell Knight Armor (Altered)</text>
<text id="1800000">Redmane Knight Helm</text>
<text id="1800100">Redmane Knight Armor</text>
<text id="1800200">Redmane Knight Gauntlets</text>
<text id="1800300">Redmane Knight Greaves</text>
<text id="1801100">Redmane Knight Armor (Altered)</text>
<text id="1810100">Mausoleum Knight Armor</text>
<text id="1810200">Mausoleum Knight Gauntlets</text>
<text id="1810300">Mausoleum Knight Greaves</text>
<text id="1811100">Mausoleum Knight Armor (Altered)</text>
<text id="1820000">Haligtree Knight Helm</text>
<text id="1820100">Haligtree Knight Armor</text>
<text id="1820200">Haligtree Knight Gauntlets</text>
<text id="1820300">Haligtree Knight Greaves</text>
<text id="1821100">Haligtree Knight Armor (Altered)</text>
<text id="1830000">Foot Soldier Cap</text>
<text id="1830100">Chain-Draped Tabard</text>
<text id="1830200">Foot Soldier Gauntlets</text>
<text id="1830300">Foot Soldier Greaves</text>
<text id="1840000">Foot Soldier Helmet</text>
<text id="1840100">Foot Soldier Tabard</text>
<text id="1850000">Gilded Foot Soldier Cap</text>
<text id="1850100">Leather-Draped Tabard</text>
<text id="1860000">Foot Soldier Helm</text>
<text id="1860100">Scarlet Tabard</text>
<text id="1870100">Bloodsoaked Tabard</text>
<text id="1880000">Sacred Crown Helm</text>
<text id="1880100">Ivory-Draped Tabard</text>
<text id="1890000">Omensmirk Mask</text>
<text id="1890100">Omenkiller Robe</text>
<text id="1890200">Omenkiller Long Gloves</text>
<text id="1890300">Omenkiller Boots</text>
<text id="1900000">Ash-of-War Scarab</text>
<text id="1901000">Incantation Scarab</text>
<text id="1902000">Glintstone Scarab</text>
<text id="1910000">Crimson Tear Scarab</text>
<text id="1920000">Cerulean Tear Scarab</text>
<text id="1930100">Deathbed Dress</text>
<text id="1930300">Deathbed Smalls</text>
<text id="1940000">Fia's Hood</text>
<text id="1940100">Fia's Robe</text>
<text id="1941100">Fia's Robe (Altered)</text>
<text id="1950000">%null%</text>
<text id="1950100">Millicent's Robe</text>
<text id="1950200">Millicent's Gloves</text>
<text id="1950300">Millicent's Boots</text>
<text id="1960000">%null%</text>
<text id="1970100">Millicent's Tunic</text>
<text id="1970200">Golden Prosthetic</text>
<text id="1980000">Highwayman Hood</text>
<text id="1980100">Highwayman Cloth Armor</text>
<text id="1980200">Highwayman Gauntlets</text>
<text id="1990000">High Page Hood</text>
<text id="1990100">High Page Clothes</text>
<text id="1991100">High Page Clothes (Altered)</text>
<text id="2000000">Rotten Duelist Helm</text>
<text id="2000100">Rotten Gravekeeper Cloak</text>
<text id="2000300">Rotten Duelist Greaves</text>
<text id="2001100">Rotten Gravekeeper Cloak (Altered)</text>
<text id="2010000">Mushroom Crown</text>
<text id="2020000">Black Dumpling</text>
<text id="2030000">Lazuli Robe</text>
</entries>
</fmg>