﻿<?xml version="1.0" encoding="utf-8"?>
<fmg>
<compression>None</compression>
<version>DarkSouls3</version>
<bigendian>False</bigendian>
<entries>
<text id="1">%null%</text>
<text id="2">%null%</text>
<text id="100">Petition for Help</text>
<text id="101">Broken Finger Stalker Contract</text>
<text id="1000">Crimson Amber Medallion</text>
<text id="1001">Crimson Amber Medallion +1</text>
<text id="1002">Crimson Amber Medallion +2</text>
<text id="1003">%null%</text>
<text id="1004">%null%</text>
<text id="1005">%null%</text>
<text id="1006">%null%</text>
<text id="1007">%null%</text>
<text id="1008">%null%</text>
<text id="1009">%null%</text>
<text id="1010">Cerulean Amber Medallion</text>
<text id="1011">Cerulean Amber Medallion +1</text>
<text id="1012">Cerulean Amber Medallion +2</text>
<text id="1013">%null%</text>
<text id="1014">%null%</text>
<text id="1015">%null%</text>
<text id="1016">%null%</text>
<text id="1017">%null%</text>
<text id="1018">%null%</text>
<text id="1019">%null%</text>
<text id="1020">Viridian Amber Medallion</text>
<text id="1021">Viridian Amber Medallion +1</text>
<text id="1022">Viridian Amber Medallion +2</text>
<text id="1023">%null%</text>
<text id="1024">%null%</text>
<text id="1025">%null%</text>
<text id="1026">%null%</text>
<text id="1027">%null%</text>
<text id="1028">%null%</text>
<text id="1029">%null%</text>
<text id="1030">Arsenal Charm</text>
<text id="1031">Arsenal Charm +1</text>
<text id="1032">Great-Jar's Arsenal</text>
<text id="1033">%null%</text>
<text id="1034">%null%</text>
<text id="1035">%null%</text>
<text id="1036">%null%</text>
<text id="1037">%null%</text>
<text id="1038">%null%</text>
<text id="1039">%null%</text>
<text id="1040">Erdtree's Favor</text>
<text id="1041">Erdtree's Favor +1</text>
<text id="1042">Erdtree's Favor +2</text>
<text id="1043">%null%</text>
<text id="1044">%null%</text>
<text id="1045">%null%</text>
<text id="1046">%null%</text>
<text id="1047">%null%</text>
<text id="1048">%null%</text>
<text id="1049">%null%</text>
<text id="1050">Radagon's Scarseal</text>
<text id="1051">Radagon's Soreseal</text>
<text id="1052">%null%</text>
<text id="1053">%null%</text>
<text id="1054">%null%</text>
<text id="1055">%null%</text>
<text id="1056">%null%</text>
<text id="1057">%null%</text>
<text id="1058">%null%</text>
<text id="1059">%null%</text>
<text id="1060">Starscourge Heirloom</text>
<text id="1061">%null%</text>
<text id="1062">%null%</text>
<text id="1063">%null%</text>
<text id="1064">%null%</text>
<text id="1065">%null%</text>
<text id="1066">%null%</text>
<text id="1067">%null%</text>
<text id="1068">%null%</text>
<text id="1069">%null%</text>
<text id="1070">Prosthesis-Wearer Heirloom</text>
<text id="1071">%null%</text>
<text id="1072">%null%</text>
<text id="1073">%null%</text>
<text id="1074">%null%</text>
<text id="1075">%null%</text>
<text id="1076">%null%</text>
<text id="1077">%null%</text>
<text id="1078">%null%</text>
<text id="1079">%null%</text>
<text id="1080">Stargazer Heirloom</text>
<text id="1081">%null%</text>
<text id="1082">%null%</text>
<text id="1083">%null%</text>
<text id="1084">%null%</text>
<text id="1085">%null%</text>
<text id="1086">%null%</text>
<text id="1087">%null%</text>
<text id="1088">%null%</text>
<text id="1089">%null%</text>
<text id="1090">Two Fingers Heirloom</text>
<text id="1091">%null%</text>
<text id="1092">%null%</text>
<text id="1093">%null%</text>
<text id="1094">%null%</text>
<text id="1095">%null%</text>
<text id="1096">%null%</text>
<text id="1097">%null%</text>
<text id="1098">%null%</text>
<text id="1099">%null%</text>
<text id="1100">Silver Scarab</text>
<text id="1101">%null%</text>
<text id="1102">%null%</text>
<text id="1103">%null%</text>
<text id="1104">%null%</text>
<text id="1105">%null%</text>
<text id="1106">%null%</text>
<text id="1107">%null%</text>
<text id="1108">%null%</text>
<text id="1109">%null%</text>
<text id="1110">Gold Scarab</text>
<text id="1140">Moon of Nokstella</text>
<text id="1141">%null%</text>
<text id="1142">%null%</text>
<text id="1143">%null%</text>
<text id="1144">%null%</text>
<text id="1145">%null%</text>
<text id="1146">%null%</text>
<text id="1147">%null%</text>
<text id="1148">%null%</text>
<text id="1149">%null%</text>
<text id="1150">Green Turtle Talisman</text>
<text id="1151">%null%</text>
<text id="1152">%null%</text>
<text id="1153">%null%</text>
<text id="1154">%null%</text>
<text id="1155">%null%</text>
<text id="1156">%null%</text>
<text id="1157">%null%</text>
<text id="1158">%null%</text>
<text id="1159">%null%</text>
<text id="1160">Stalwart Horn Charm</text>
<text id="1161">Stalwart Horn Charm +1</text>
<text id="1162">%null%</text>
<text id="1163">%null%</text>
<text id="1164">%null%</text>
<text id="1165">%null%</text>
<text id="1166">%null%</text>
<text id="1167">%null%</text>
<text id="1168">%null%</text>
<text id="1169">%null%</text>
<text id="1170">Immunizing Horn Charm</text>
<text id="1171">Immunizing Horn Charm +1</text>
<text id="1172">%null%</text>
<text id="1173">%null%</text>
<text id="1174">%null%</text>
<text id="1175">%null%</text>
<text id="1176">%null%</text>
<text id="1177">%null%</text>
<text id="1178">%null%</text>
<text id="1179">%null%</text>
<text id="1180">Clarifying Horn Charm</text>
<text id="1181">Clarifying Horn Charm +1</text>
<text id="1182">%null%</text>
<text id="1183">%null%</text>
<text id="1184">%null%</text>
<text id="1185">%null%</text>
<text id="1186">%null%</text>
<text id="1187">%null%</text>
<text id="1188">%null%</text>
<text id="1189">%null%</text>
<text id="1190">Prince of Death's Pustule</text>
<text id="1191">Prince of Death's Cyst</text>
<text id="1192">%null%</text>
<text id="1193">%null%</text>
<text id="1194">%null%</text>
<text id="1195">%null%</text>
<text id="1196">%null%</text>
<text id="1197">%null%</text>
<text id="1198">%null%</text>
<text id="1199">%null%</text>
<text id="1200">Mottled Necklace</text>
<text id="1201">Mottled Necklace +1</text>
<text id="1202">%null%</text>
<text id="1203">%null%</text>
<text id="1204">%null%</text>
<text id="1205">%null%</text>
<text id="1206">%null%</text>
<text id="1207">%null%</text>
<text id="1208">%null%</text>
<text id="1209">%null%</text>
<text id="1210">Bull-Goat's Talisman</text>
<text id="1211">%null%</text>
<text id="1212">%null%</text>
<text id="1213">%null%</text>
<text id="1214">%null%</text>
<text id="1215">%null%</text>
<text id="1216">%null%</text>
<text id="1217">%null%</text>
<text id="1218">%null%</text>
<text id="1219">%null%</text>
<text id="1220">Marika's Scarseal</text>
<text id="1221">Marika's Soreseal</text>
<text id="1222">%null%</text>
<text id="1223">%null%</text>
<text id="1224">%null%</text>
<text id="1225">%null%</text>
<text id="1226">%null%</text>
<text id="1227">%null%</text>
<text id="1228">%null%</text>
<text id="1229">%null%</text>
<text id="1230">Warrior Jar Shard</text>
<text id="1231">Shard of Alexander</text>
<text id="1232">%null%</text>
<text id="1233">%null%</text>
<text id="1234">%null%</text>
<text id="1235">%null%</text>
<text id="1236">%null%</text>
<text id="1237">%null%</text>
<text id="1238">%null%</text>
<text id="1239">%null%</text>
<text id="1240">%null%</text>
<text id="1241">%null%</text>
<text id="1242">%null%</text>
<text id="1243">%null%</text>
<text id="1244">%null%</text>
<text id="1245">%null%</text>
<text id="1246">%null%</text>
<text id="1247">%null%</text>
<text id="1248">%null%</text>
<text id="1249">%null%</text>
<text id="1250">Millicent's Prosthesis</text>
<text id="2000">Magic Scorpion Charm</text>
<text id="2001">%null%</text>
<text id="2002">%null%</text>
<text id="2003">%null%</text>
<text id="2004">%null%</text>
<text id="2005">%null%</text>
<text id="2006">%null%</text>
<text id="2007">%null%</text>
<text id="2008">%null%</text>
<text id="2009">%null%</text>
<text id="2010">Lightning Scorpion Charm</text>
<text id="2011">%null%</text>
<text id="2012">%null%</text>
<text id="2013">%null%</text>
<text id="2014">%null%</text>
<text id="2015">%null%</text>
<text id="2016">%null%</text>
<text id="2017">%null%</text>
<text id="2018">%null%</text>
<text id="2019">%null%</text>
<text id="2020">Fire Scorpion Charm</text>
<text id="2021">%null%</text>
<text id="2022">%null%</text>
<text id="2023">%null%</text>
<text id="2024">%null%</text>
<text id="2025">%null%</text>
<text id="2026">%null%</text>
<text id="2027">%null%</text>
<text id="2028">%null%</text>
<text id="2029">%null%</text>
<text id="2030">Sacred Scorpion Charm</text>
<text id="2031">%null%</text>
<text id="2032">%null%</text>
<text id="2033">%null%</text>
<text id="2034">%null%</text>
<text id="2035">%null%</text>
<text id="2036">%null%</text>
<text id="2037">%null%</text>
<text id="2038">%null%</text>
<text id="2039">%null%</text>
<text id="2040">Red-Feathered Branchsword</text>
<text id="2041">%null%</text>
<text id="2042">%null%</text>
<text id="2043">%null%</text>
<text id="2044">%null%</text>
<text id="2045">%null%</text>
<text id="2046">%null%</text>
<text id="2047">%null%</text>
<text id="2048">%null%</text>
<text id="2049">%null%</text>
<text id="2050">Ritual Sword Talisman</text>
<text id="2051">%null%</text>
<text id="2052">%null%</text>
<text id="2053">%null%</text>
<text id="2054">%null%</text>
<text id="2055">%null%</text>
<text id="2056">%null%</text>
<text id="2057">%null%</text>
<text id="2058">%null%</text>
<text id="2059">%null%</text>
<text id="2060">Spear Talisman</text>
<text id="2061">%null%</text>
<text id="2062">%null%</text>
<text id="2063">%null%</text>
<text id="2064">%null%</text>
<text id="2065">%null%</text>
<text id="2066">%null%</text>
<text id="2067">%null%</text>
<text id="2068">%null%</text>
<text id="2069">%null%</text>
<text id="2070">Hammer Talisman</text>
<text id="2071">%null%</text>
<text id="2072">%null%</text>
<text id="2073">%null%</text>
<text id="2074">%null%</text>
<text id="2075">%null%</text>
<text id="2076">%null%</text>
<text id="2077">%null%</text>
<text id="2078">%null%</text>
<text id="2079">%null%</text>
<text id="2080">Winged Sword Insignia</text>
<text id="2081">Rotten Winged Sword Insignia</text>
<text id="2082">%null%</text>
<text id="2083">%null%</text>
<text id="2084">%null%</text>
<text id="2085">%null%</text>
<text id="2086">%null%</text>
<text id="2087">%null%</text>
<text id="2088">%null%</text>
<text id="2089">%null%</text>
<text id="2090">Dagger Talisman</text>
<text id="2091">%null%</text>
<text id="2092">%null%</text>
<text id="2093">%null%</text>
<text id="2094">%null%</text>
<text id="2095">%null%</text>
<text id="2096">%null%</text>
<text id="2097">%null%</text>
<text id="2098">%null%</text>
<text id="2099">%null%</text>
<text id="2100">Arrow's Reach Talisman</text>
<text id="2101">%null%</text>
<text id="2102">%null%</text>
<text id="2103">%null%</text>
<text id="2104">%null%</text>
<text id="2105">%null%</text>
<text id="2106">%null%</text>
<text id="2107">%null%</text>
<text id="2108">%null%</text>
<text id="2109">%null%</text>
<text id="2110">Blue Dancer Charm</text>
<text id="2111">%null%</text>
<text id="2112">%null%</text>
<text id="2113">%null%</text>
<text id="2114">%null%</text>
<text id="2115">%null%</text>
<text id="2116">%null%</text>
<text id="2117">%null%</text>
<text id="2118">%null%</text>
<text id="2119">%null%</text>
<text id="2120">Twinblade Talisman</text>
<text id="2121">%null%</text>
<text id="2122">%null%</text>
<text id="2123">%null%</text>
<text id="2124">%null%</text>
<text id="2125">%null%</text>
<text id="2126">%null%</text>
<text id="2127">%null%</text>
<text id="2128">%null%</text>
<text id="2129">%null%</text>
<text id="2130">Axe Talisman</text>
<text id="2131">%null%</text>
<text id="2132">%null%</text>
<text id="2133">%null%</text>
<text id="2134">%null%</text>
<text id="2135">%null%</text>
<text id="2136">%null%</text>
<text id="2137">%null%</text>
<text id="2138">%null%</text>
<text id="2139">%null%</text>
<text id="2140">Lance Talisman</text>
<text id="2141">%null%</text>
<text id="2142">%null%</text>
<text id="2143">%null%</text>
<text id="2144">%null%</text>
<text id="2145">%null%</text>
<text id="2146">%null%</text>
<text id="2147">%null%</text>
<text id="2148">%null%</text>
<text id="2149">%null%</text>
<text id="2150">Arrow's Sting Talisman</text>
<text id="2151">%null%</text>
<text id="2152">%null%</text>
<text id="2153">%null%</text>
<text id="2154">%null%</text>
<text id="2155">%null%</text>
<text id="2156">%null%</text>
<text id="2157">%null%</text>
<text id="2158">%null%</text>
<text id="2159">%null%</text>
<text id="2160">Lord of Blood's Exultation</text>
<text id="2161">%null%</text>
<text id="2162">%null%</text>
<text id="2163">%null%</text>
<text id="2164">%null%</text>
<text id="2165">%null%</text>
<text id="2166">%null%</text>
<text id="2167">%null%</text>
<text id="2168">%null%</text>
<text id="2169">%null%</text>
<text id="2170">Kindred of Rot's Exultation</text>
<text id="2171">%null%</text>
<text id="2172">%null%</text>
<text id="2173">%null%</text>
<text id="2174">%null%</text>
<text id="2175">%null%</text>
<text id="2176">%null%</text>
<text id="2177">%null%</text>
<text id="2178">%null%</text>
<text id="2179">%null%</text>
<text id="2180">Claw Talisman</text>
<text id="2181">%null%</text>
<text id="2182">%null%</text>
<text id="2183">%null%</text>
<text id="2184">%null%</text>
<text id="2185">%null%</text>
<text id="2186">%null%</text>
<text id="2187">%null%</text>
<text id="2188">%null%</text>
<text id="2189">%null%</text>
<text id="2190">Roar Medallion</text>
<text id="2191">%null%</text>
<text id="2192">%null%</text>
<text id="2193">%null%</text>
<text id="2194">%null%</text>
<text id="2195">%null%</text>
<text id="2196">%null%</text>
<text id="2197">%null%</text>
<text id="2198">%null%</text>
<text id="2199">%null%</text>
<text id="2200">Curved Sword Talisman</text>
<text id="2201">%null%</text>
<text id="2202">%null%</text>
<text id="2203">%null%</text>
<text id="2204">%null%</text>
<text id="2205">%null%</text>
<text id="2206">%null%</text>
<text id="2207">%null%</text>
<text id="2208">%null%</text>
<text id="2209">%null%</text>
<text id="2210">Companion Jar</text>
<text id="2211">%null%</text>
<text id="2212">%null%</text>
<text id="2213">%null%</text>
<text id="2214">%null%</text>
<text id="2215">%null%</text>
<text id="2216">%null%</text>
<text id="2217">%null%</text>
<text id="2218">%null%</text>
<text id="2219">%null%</text>
<text id="2220">Perfumer's Talisman</text>
<text id="3000">Graven-School Talisman</text>
<text id="3001">Graven-Mass Talisman</text>
<text id="3040">Faithful's Canvas Talisman</text>
<text id="3041">%null%</text>
<text id="3042">%null%</text>
<text id="3043">%null%</text>
<text id="3044">%null%</text>
<text id="3045">%null%</text>
<text id="3046">%null%</text>
<text id="3047">%null%</text>
<text id="3048">%null%</text>
<text id="3049">%null%</text>
<text id="3050">Flock's Canvas Talisman</text>
<text id="3051">%null%</text>
<text id="3052">%null%</text>
<text id="3053">%null%</text>
<text id="3054">%null%</text>
<text id="3055">%null%</text>
<text id="3056">%null%</text>
<text id="3057">%null%</text>
<text id="3058">%null%</text>
<text id="3059">%null%</text>
<text id="3060">Old Lord's Talisman</text>
<text id="3061">%null%</text>
<text id="3062">%null%</text>
<text id="3063">%null%</text>
<text id="3064">%null%</text>
<text id="3065">%null%</text>
<text id="3066">%null%</text>
<text id="3067">%null%</text>
<text id="3068">%null%</text>
<text id="3069">%null%</text>
<text id="3070">Radagon Icon</text>
<text id="3071">%null%</text>
<text id="3072">%null%</text>
<text id="3073">%null%</text>
<text id="3074">%null%</text>
<text id="3075">%null%</text>
<text id="3076">%null%</text>
<text id="3077">%null%</text>
<text id="3078">%null%</text>
<text id="3079">%null%</text>
<text id="3080">Primal Glintstone Blade</text>
<text id="3081">%null%</text>
<text id="3082">%null%</text>
<text id="3083">%null%</text>
<text id="3084">%null%</text>
<text id="3085">%null%</text>
<text id="3086">%null%</text>
<text id="3087">%null%</text>
<text id="3088">%null%</text>
<text id="3089">%null%</text>
<text id="3090">Godfrey Icon</text>
<text id="4000">Dragoncrest Shield Talisman</text>
<text id="4001">Dragoncrest Shield Talisman +1</text>
<text id="4002">Dragoncrest Shield Talisman +2</text>
<text id="4003">Dragoncrest Greatshield Talisman</text>
<text id="4004">%null%</text>
<text id="4005">%null%</text>
<text id="4006">%null%</text>
<text id="4007">%null%</text>
<text id="4008">%null%</text>
<text id="4009">%null%</text>
<text id="4010">Spelldrake Talisman</text>
<text id="4011">Spelldrake Talisman +1</text>
<text id="4012">Spelldrake Talisman +2</text>
<text id="4013">%null%</text>
<text id="4014">%null%</text>
<text id="4015">%null%</text>
<text id="4016">%null%</text>
<text id="4017">%null%</text>
<text id="4018">%null%</text>
<text id="4019">%null%</text>
<text id="4020">Flamedrake Talisman</text>
<text id="4021">Flamedrake Talisman +1</text>
<text id="4022">Flamedrake Talisman +2</text>
<text id="4023">%null%</text>
<text id="4024">%null%</text>
<text id="4025">%null%</text>
<text id="4026">%null%</text>
<text id="4027">%null%</text>
<text id="4028">%null%</text>
<text id="4029">%null%</text>
<text id="4030">Boltdrake Talisman</text>
<text id="4031">Boltdrake Talisman +1</text>
<text id="4032">Boltdrake Talisman +2</text>
<text id="4033">%null%</text>
<text id="4034">%null%</text>
<text id="4035">%null%</text>
<text id="4036">%null%</text>
<text id="4037">%null%</text>
<text id="4038">%null%</text>
<text id="4039">%null%</text>
<text id="4040">Haligdrake Talisman</text>
<text id="4041">Haligdrake Talisman +1</text>
<text id="4042">Haligdrake Talisman +2</text>
<text id="4043">%null%</text>
<text id="4044">%null%</text>
<text id="4045">%null%</text>
<text id="4046">%null%</text>
<text id="4047">%null%</text>
<text id="4048">%null%</text>
<text id="4049">%null%</text>
<text id="4050">Pearldrake Talisman</text>
<text id="4051">Pearldrake Talisman +1</text>
<text id="4052">Pearldrake Talisman +2</text>
<text id="4053">%null%</text>
<text id="4054">%null%</text>
<text id="4055">%null%</text>
<text id="4056">%null%</text>
<text id="4057">%null%</text>
<text id="4058">%null%</text>
<text id="4059">%null%</text>
<text id="4060">Crucible Scale Talisman</text>
<text id="4061">%null%</text>
<text id="4062">%null%</text>
<text id="4063">%null%</text>
<text id="4064">%null%</text>
<text id="4065">%null%</text>
<text id="4066">%null%</text>
<text id="4067">%null%</text>
<text id="4068">%null%</text>
<text id="4069">%null%</text>
<text id="4070">Crucible Feather Talisman</text>
<text id="4071">%null%</text>
<text id="4072">%null%</text>
<text id="4073">%null%</text>
<text id="4074">%null%</text>
<text id="4075">%null%</text>
<text id="4076">%null%</text>
<text id="4077">%null%</text>
<text id="4078">%null%</text>
<text id="4079">%null%</text>
<text id="4080">Blue-Feathered Branchsword</text>
<text id="4081">%null%</text>
<text id="4082">%null%</text>
<text id="4083">%null%</text>
<text id="4084">%null%</text>
<text id="4085">%null%</text>
<text id="4086">%null%</text>
<text id="4087">%null%</text>
<text id="4088">%null%</text>
<text id="4089">%null%</text>
<text id="4090">Ritual Shield Talisman</text>
<text id="4091">%null%</text>
<text id="4092">%null%</text>
<text id="4093">%null%</text>
<text id="4094">%null%</text>
<text id="4095">%null%</text>
<text id="4096">%null%</text>
<text id="4097">%null%</text>
<text id="4098">%null%</text>
<text id="4099">%null%</text>
<text id="4100">Greatshield Talisman</text>
<text id="4101">%null%</text>
<text id="4102">%null%</text>
<text id="4103">%null%</text>
<text id="4104">%null%</text>
<text id="4105">%null%</text>
<text id="4106">%null%</text>
<text id="4107">%null%</text>
<text id="4108">%null%</text>
<text id="4109">%null%</text>
<text id="4110">Crucible Knot Talisman</text>
<text id="5000">Crimson Seed Talisman</text>
<text id="5001">%null%</text>
<text id="5002">%null%</text>
<text id="5003">%null%</text>
<text id="5004">%null%</text>
<text id="5005">%null%</text>
<text id="5006">%null%</text>
<text id="5007">%null%</text>
<text id="5008">%null%</text>
<text id="5009">%null%</text>
<text id="5010">Cerulean Seed Talisman</text>
<text id="5011">%null%</text>
<text id="5012">%null%</text>
<text id="5013">%null%</text>
<text id="5014">%null%</text>
<text id="5015">%null%</text>
<text id="5016">%null%</text>
<text id="5017">%null%</text>
<text id="5018">%null%</text>
<text id="5019">%null%</text>
<text id="5020">Blessed Dew Talisman</text>
<text id="5021">%null%</text>
<text id="5022">%null%</text>
<text id="5023">%null%</text>
<text id="5024">%null%</text>
<text id="5025">%null%</text>
<text id="5026">%null%</text>
<text id="5027">%null%</text>
<text id="5028">%null%</text>
<text id="5029">%null%</text>
<text id="5030">Taker's Cameo</text>
<text id="5031">%null%</text>
<text id="5032">%null%</text>
<text id="5033">%null%</text>
<text id="5034">%null%</text>
<text id="5035">%null%</text>
<text id="5036">%null%</text>
<text id="5037">%null%</text>
<text id="5038">%null%</text>
<text id="5039">%null%</text>
<text id="5040">Godskin Swaddling Cloth</text>
<text id="5041">%null%</text>
<text id="5042">%null%</text>
<text id="5043">%null%</text>
<text id="5044">%null%</text>
<text id="5045">%null%</text>
<text id="5046">%null%</text>
<text id="5047">%null%</text>
<text id="5048">%null%</text>
<text id="5049">%null%</text>
<text id="5050">Assassin's Crimson Dagger</text>
<text id="5051">%null%</text>
<text id="5052">%null%</text>
<text id="5053">%null%</text>
<text id="5054">%null%</text>
<text id="5055">%null%</text>
<text id="5056">%null%</text>
<text id="5057">%null%</text>
<text id="5058">%null%</text>
<text id="5059">%null%</text>
<text id="5060">Assassin's Cerulean Dagger</text>
<text id="6000">Crepus's Vial</text>
<text id="6001">%null%</text>
<text id="6002">%null%</text>
<text id="6003">%null%</text>
<text id="6004">%null%</text>
<text id="6005">%null%</text>
<text id="6006">%null%</text>
<text id="6007">%null%</text>
<text id="6008">%null%</text>
<text id="6009">%null%</text>
<text id="6010">Concealing Veil</text>
<text id="6011">%null%</text>
<text id="6012">%null%</text>
<text id="6013">%null%</text>
<text id="6014">%null%</text>
<text id="6015">%null%</text>
<text id="6016">%null%</text>
<text id="6017">%null%</text>
<text id="6018">%null%</text>
<text id="6019">%null%</text>
<text id="6020">Carian Filigreed Crest</text>
<text id="6040">Longtail Cat Talisman</text>
<text id="6041">%null%</text>
<text id="6042">%null%</text>
<text id="6043">%null%</text>
<text id="6044">%null%</text>
<text id="6045">%null%</text>
<text id="6046">%null%</text>
<text id="6047">%null%</text>
<text id="6048">%null%</text>
<text id="6049">%null%</text>
<text id="6050">Shabriri's Woe</text>
<text id="6051">%null%</text>
<text id="6052">%null%</text>
<text id="6053">%null%</text>
<text id="6054">%null%</text>
<text id="6055">%null%</text>
<text id="6056">%null%</text>
<text id="6057">%null%</text>
<text id="6058">%null%</text>
<text id="6059">%null%</text>
<text id="6060">Daedicar's Woe</text>
<text id="6061">%null%</text>
<text id="6062">%null%</text>
<text id="6063">%null%</text>
<text id="6064">%null%</text>
<text id="6065">%null%</text>
<text id="6066">%null%</text>
<text id="6067">%null%</text>
<text id="6068">%null%</text>
<text id="6069">%null%</text>
<text id="6070">Sacrificial Twig</text>
<text id="6071">%null%</text>
<text id="6072">%null%</text>
<text id="6073">%null%</text>
<text id="6074">%null%</text>
<text id="6075">%null%</text>
<text id="6076">%null%</text>
<text id="6077">%null%</text>
<text id="6078">%null%</text>
<text id="6079">%null%</text>
<text id="6080">Furled Finger's Trick-Mirror</text>
<text id="6081">%null%</text>
<text id="6082">%null%</text>
<text id="6083">%null%</text>
<text id="6084">%null%</text>
<text id="6085">%null%</text>
<text id="6086">%null%</text>
<text id="6087">%null%</text>
<text id="6088">%null%</text>
<text id="6089">%null%</text>
<text id="6090">Host's Trick-Mirror</text>
<text id="6091">%null%</text>
<text id="6092">%null%</text>
<text id="6093">%null%</text>
<text id="6094">%null%</text>
<text id="6095">%null%</text>
<text id="6096">%null%</text>
<text id="6097">%null%</text>
<text id="6098">%null%</text>
<text id="6099">%null%</text>
<text id="6100">Entwining Umbilical Cord</text>
<text id="6101">%null%</text>
<text id="6102">%null%</text>
<text id="6103">%null%</text>
<text id="6104">%null%</text>
<text id="6105">%null%</text>
<text id="6106">%null%</text>
<text id="6107">%null%</text>
<text id="6108">%null%</text>
<text id="6109">%null%</text>
<text id="6110">Ancestral Spirit's Horn</text>
</entries>
</fmg>