Row ID;Row Name;disableParam_NT;disableParamReserve1;disableParamReserve2;iconId;rank;sortGroupId;spEffectId0;spEffectId1;spEffectId2;itemGetTutorialFlagId;swordArtsParamId;mountValue;sellValue;saleValue;sortId;compTrophySedId;trophySeqId;configurableWepAttr00;configurableWepAttr01;configurableWepAttr02;configurableWepAttr03;configurableWepAttr04;configurableWepAttr05;configurableWepAttr06;configurableWepAttr07;configurableWepAttr08;configurableWepAttr09;configurableWepAttr10;configurableWepAttr11;configurableWepAttr12;configurableWepAttr13;configurableWepAttr14;configurableWepAttr15;rarity;configurableWepAttr16;configurableWepAttr17;configurableWepAttr18;configurableWepAttr19;configurableWepAttr20;configurableWepAttr21;configurableWepAttr22;configurableWepAttr23;isDiscard;isDrop;isDeposit;disableMultiDropShare;showDialogCondType;showLogCondType;pad;defaultWepAttr;pad2;canMountWep_Dagger;canMountWep_SwordNormal;canMountWep_SwordLarge;canMountWep_SwordGigantic;canMountWep_SaberNormal;canMountWep_SaberLarge;canMountWep_katana;canMountWep_SwordDoubleEdge;canMountWep_SwordPierce;canMountWep_RapierHeavy;canMountWep_AxeNormal;canMountWep_AxeLarge;canMountWep_HammerNormal;canMountWep_HammerLarge;canMountWep_Flail;canMountWep_SpearNormal;canMountWep_SpearLarge;canMountWep_SpearHeavy;canMountWep_SpearAxe;canMountWep_Sickle;canMountWep_Knuckle;canMountWep_Claw;canMountWep_Whip;canMountWep_AxhammerLarge;canMountWep_BowSmall;canMountWep_BowNormal;canMountWep_BowLarge;canMountWep_ClossBow;canMountWep_Ballista;canMountWep_Staff;canMountWep_Sorcery;canMountWep_Talisman;canMountWep_ShieldSmall;canMountWep_ShieldNormal;canMountWep_ShieldLarge;canMountWep_Torch;reserved_canMountWep;reserved2_canMountWep;spEffectMsgId0;spEffectMsgId1;spEffectId_forAtk0;spEffectId_forAtk1;spEffectId_forAtk2;mountWepTextId;pad6
10;test gem 1;1;0;000000;0;0;255;-1;-1;-1;0;101;0;0;-1;999999;-1;-1;1;1;1;1;1;1;1;1;1;1;1;0;0;0;0;0;0;0;0;0;0;0;0;0;0;0;1;0;0;2;1;0;0;0000;1;1;1;1;1;1;1;1;1;1;1;1;1;1;1;1;0;1;1;1;1;1;1;1;1;1;1;1;1;1;1;1;1;1;1;1;0;000000;-1;-1;-1;-1;-1;-1;0000000000000000;
20;test gem 2;1;0;000000;0;0;255;100;-1;-1;0;-1;0;0;-1;999999;-1;-1;1;1;1;1;1;1;1;1;1;1;1;0;0;0;0;0;0;0;0;0;0;0;0;0;0;0;1;0;0;2;1;0;0;0000;1;1;1;1;1;1;1;1;1;1;1;1;1;1;1;1;0;1;1;1;1;1;1;1;1;1;1;1;1;1;1;1;1;1;1;1;0;000000;-1;-1;-1;-1;-1;-1;0000000000000000;
30;test gem 3;1;0;000000;0;0;255;-1;-1;-1;0;-1;0;0;-1;999999;-1;-1;1;1;1;1;1;1;1;1;1;1;1;0;0;0;0;0;0;0;0;0;0;0;0;0;0;0;1;0;0;2;1;0;0;0000;1;1;1;1;1;1;1;1;1;1;1;1;1;1;1;1;0;1;1;1;1;1;1;1;1;1;1;1;1;1;1;1;1;1;1;1;0;000000;-1;-1;-1;-1;-1;-1;0000000000000000;
40;Ash of War: Lion's Claw;1;0;000000;21000;0;255;2300;2810;-1;710600;100;0;100;0;999999;-1;-1;1;1;1;1;1;1;1;1;1;1;1;0;0;0;0;0;1;0;0;0;0;0;0;0;0;1;1;1;0;2;1;0;0;0000;1;1;1;1;1;1;1;1;1;1;1;1;1;1;1;1;0;1;1;1;1;1;1;1;1;1;1;1;1;1;1;1;1;1;1;1;0;000000;2300;2810;-1;-1;-1;-1;0000000000000000;
41;Ash of War: Lion's Claw;1;0;000000;21001;0;255;-1;-1;-1;710600;100;0;100;0;999999;-1;-1;1;1;1;1;1;1;1;1;1;1;1;0;0;0;0;0;1;0;0;0;0;0;0;0;0;1;1;1;0;2;1;0;0;0000;1;1;1;1;1;1;1;1;1;1;1;1;1;1;1;1;0;1;1;1;1;1;1;1;1;1;1;1;1;1;1;1;1;1;1;1;0;000000;6405;6505;6405;6505;-1;-1;0000000000000000;
80;Ash of War: Lion's Claw;1;0;000000;0;0;255;-1;-1;-1;0;100;0;0;-1;999999;-1;-1;1;1;1;1;1;1;1;1;1;1;1;0;0;0;0;0;0;0;0;0;0;0;0;0;0;0;1;0;0;2;1;0;0;0000;1;1;1;1;1;1;1;1;1;1;1;1;1;1;1;1;0;1;1;1;1;1;1;1;1;1;1;1;1;1;1;1;1;1;1;1;0;000000;-1;-1;-1;-1;-1;-1;0000000000000000;
81;Ash of War: Lion's Claw;1;0;000000;0;0;255;-1;-1;-1;0;100;0;0;-1;999999;-1;-1;1;1;1;1;1;1;1;1;1;1;1;0;0;0;0;0;0;0;0;0;0;0;0;0;0;0;1;0;0;2;1;0;0;0000;1;1;1;1;1;1;1;1;1;1;1;1;1;1;1;1;0;1;1;1;1;1;1;1;1;1;1;1;1;1;1;1;1;1;1;1;0;000000;-1;-1;-1;-1;-1;-1;0000000000000000;
82;Ash of War: Lion's Claw;1;0;000000;0;0;255;-1;-1;-1;0;100;0;0;-1;999999;-1;-1;1;1;1;1;1;1;1;1;1;1;1;0;0;0;0;0;0;0;0;0;0;0;0;0;0;0;1;0;0;2;1;0;0;0000;1;1;1;1;1;1;1;1;1;1;1;1;1;1;1;1;0;1;1;1;1;1;1;1;1;1;1;1;1;1;1;1;1;1;1;1;0;000000;-1;-1;-1;-1;-1;-1;0000000000000000;
83;Ash of War: Lion's Claw;1;0;000000;0;0;255;-1;-1;-1;0;100;0;0;-1;999999;-1;-1;1;1;1;1;1;1;1;1;1;1;1;0;0;0;0;0;0;0;0;0;0;0;0;0;0;0;1;0;0;2;1;0;0;0000;1;1;1;1;1;1;1;1;1;1;1;1;1;1;1;1;0;1;1;1;1;1;1;1;1;1;1;1;1;1;1;1;1;1;1;1;0;000000;-1;-1;-1;-1;-1;-1;0000000000000000;
84;Ash of War: Lion's Claw;1;0;000000;0;0;255;-1;-1;-1;0;100;0;0;-1;999999;-1;-1;1;1;1;1;1;1;1;1;1;1;1;0;0;0;0;0;0;0;0;0;0;0;0;0;0;0;1;0;0;2;1;0;0;0000;1;1;1;1;1;1;1;1;1;1;1;1;1;1;1;1;0;1;1;1;1;1;1;1;1;1;1;1;1;1;1;1;1;1;1;1;0;000000;-1;-1;-1;-1;-1;-1;0000000000000000;
85;Ash of War: Lion's Claw;1;0;000000;0;0;255;-1;-1;-1;0;100;0;0;-1;999999;-1;-1;1;1;1;1;1;1;1;1;1;1;1;0;0;0;0;0;0;0;0;0;0;0;0;0;0;0;1;0;0;2;1;0;0;0000;1;1;1;1;1;1;1;1;1;1;1;1;1;1;1;1;0;1;1;1;1;1;1;1;1;1;1;1;1;1;1;1;1;1;1;1;0;000000;-1;-1;-1;-1;-1;-1;0000000000000000;
86;Ash of War: Lion's Claw;1;0;000000;0;0;255;-1;-1;-1;0;100;0;0;-1;999999;-1;-1;1;1;1;1;1;1;1;1;1;1;1;0;0;0;0;0;0;0;0;0;0;0;0;0;0;0;1;0;0;2;1;0;0;0000;1;1;1;1;1;1;1;1;1;1;1;1;1;1;1;1;0;1;1;1;1;1;1;1;1;1;1;1;1;1;1;1;1;1;1;1;0;000000;-1;-1;-1;-1;-1;-1;0000000000000000;
87;Ash of War: Lion's Claw;1;0;000000;0;0;255;-1;-1;-1;0;100;0;0;-1;999999;-1;-1;1;1;1;1;1;1;1;1;1;1;1;0;0;0;0;0;0;0;0;0;0;0;0;0;0;0;1;0;0;2;1;0;0;0000;1;1;1;1;1;1;1;1;1;1;1;1;1;1;1;1;0;1;1;1;1;1;1;1;1;1;1;1;1;1;1;1;1;1;1;1;0;000000;-1;-1;-1;-1;-1;-1;0000000000000000;
88;Ash of War: Lion's Claw;1;0;000000;0;0;255;-1;-1;-1;0;100;0;0;-1;999999;-1;-1;1;1;1;1;1;1;1;1;1;1;1;0;0;0;0;0;0;0;0;0;0;0;0;0;0;0;1;0;0;2;1;0;0;0000;1;1;1;1;1;1;1;1;1;1;1;1;1;1;1;1;0;1;1;1;1;1;1;1;1;1;1;1;1;1;1;1;1;1;1;1;0;000000;-1;-1;-1;-1;-1;-1;0000000000000000;
89;Ash of War: Lion's Claw;1;0;000000;0;0;255;-1;-1;-1;0;100;0;0;-1;999999;-1;-1;1;1;1;1;1;1;1;1;1;1;1;0;0;0;0;0;0;0;0;0;0;0;0;0;0;0;1;0;0;2;1;0;0;0000;1;1;1;1;1;1;1;1;1;1;1;1;1;1;1;1;0;1;1;1;1;1;1;1;1;1;1;1;1;1;1;1;1;1;1;1;0;000000;-1;-1;-1;-1;-1;-1;0000000000000000;
90;Ash of War: Lion's Claw;1;0;000000;0;0;255;-1;-1;-1;0;100;0;0;-1;999999;-1;-1;1;1;1;1;1;1;1;1;1;1;1;0;0;0;0;0;0;0;0;0;0;0;0;0;0;0;1;0;0;2;1;0;0;0000;1;1;1;1;1;1;1;1;1;1;1;1;1;1;1;1;0;1;1;1;1;1;1;1;1;1;1;1;1;1;1;1;1;1;1;1;0;000000;-1;-1;-1;-1;-1;-1;0000000000000000;
100;Ash of War: Lion's Claw;1;0;000000;0;0;255;-1;-1;-1;0;100;0;100;0;999999;-1;-1;1;1;1;1;1;1;1;1;1;1;1;0;0;0;0;0;1;0;0;0;0;0;0;0;0;1;1;1;0;2;1;0;0;0000;1;1;1;1;1;1;1;1;1;1;1;1;1;1;1;1;0;1;1;1;1;1;1;1;1;1;1;1;1;1;1;1;1;1;1;1;0;000000;-1;-1;-1;-1;-1;-1;0000000000000000;
101;Ash of War: Impaling Thrust;1;0;000000;0;0;255;-1;-1;-1;0;101;0;100;0;999999;-1;-1;1;1;1;1;1;1;1;1;1;1;1;0;0;0;0;0;1;0;0;0;0;0;0;0;0;1;1;1;0;2;1;0;0;0000;1;1;1;1;1;1;1;1;1;1;1;1;1;1;1;1;0;1;1;1;1;1;1;1;1;1;1;1;1;1;1;1;1;1;1;1;0;000000;-1;-1;-1;-1;-1;-1;0000000000000000;
102;Ash of War: Piercing Fang;1;0;000000;0;0;255;-1;-1;-1;0;102;0;100;0;999999;-1;-1;1;1;1;1;1;1;1;1;1;1;1;0;0;0;0;0;1;0;0;0;0;0;0;0;0;1;1;1;0;2;1;0;0;0000;1;1;1;1;1;1;1;1;1;1;1;1;1;1;1;1;0;1;1;1;1;1;1;1;1;1;1;1;1;1;1;1;1;1;1;1;0;000000;-1;-1;-1;-1;-1;-1;0000000000000000;
103;Ash of War: Spinning Slash;1;0;000000;0;0;255;-1;-1;-1;0;103;0;100;0;999999;-1;-1;1;1;1;1;1;1;1;1;1;1;1;0;0;0;0;0;1;0;0;0;0;0;0;0;0;1;1;1;0;2;1;0;0;0000;1;1;1;1;1;1;1;1;1;1;1;1;1;1;1;1;0;1;1;1;1;1;1;1;1;1;1;1;1;1;1;1;1;1;1;1;0;000000;-1;-1;-1;-1;-1;-1;0000000000000000;
104;Ash of War:;1;0;000000;0;0;255;-1;-1;-1;0;104;0;100;0;999999;-1;-1;1;1;1;1;1;1;1;1;1;1;1;0;0;0;0;0;1;0;0;0;0;0;0;0;0;1;1;1;0;2;1;0;0;0000;1;1;1;1;1;1;1;1;1;1;1;1;1;1;1;1;0;1;1;1;1;1;1;1;1;1;1;1;1;1;1;1;1;1;1;1;0;000000;-1;-1;-1;-1;-1;-1;0000000000000000;
105;Ash of War: Charge Forth;1;0;000000;0;0;255;-1;-1;-1;0;105;0;100;0;999999;-1;-1;1;1;1;1;1;1;1;1;1;1;1;0;0;0;0;0;1;0;0;0;0;0;0;0;0;1;1;1;0;2;1;0;0;0000;1;1;1;1;1;1;1;1;1;1;1;1;1;1;1;1;0;1;1;1;1;1;1;1;1;1;1;1;1;1;1;1;1;1;1;1;0;000000;-1;-1;-1;-1;-1;-1;0000000000000000;
106;Ash of War: Stamp (Upward Cut);1;0;000000;0;0;255;-1;-1;-1;0;106;0;100;0;999999;-1;-1;1;1;1;1;1;1;1;1;1;1;1;0;0;0;0;0;1;0;0;0;0;0;0;0;0;1;1;1;0;2;1;0;0;0000;1;1;1;1;1;1;1;1;1;1;1;1;1;1;1;1;0;1;1;1;1;1;1;1;1;1;1;1;1;1;1;1;1;1;1;1;0;000000;-1;-1;-1;-1;-1;-1;0000000000000000;
107;Ash of War: Stamp (Sweep);1;0;000000;0;0;255;-1;-1;-1;0;107;0;100;0;999999;-1;-1;1;1;1;1;1;1;1;1;1;1;1;0;0;0;0;0;1;0;0;0;0;0;0;0;0;1;1;1;0;2;1;0;0;0000;1;1;1;1;1;1;1;1;1;1;1;1;1;1;1;1;0;1;1;1;1;1;1;1;1;1;1;1;1;1;1;1;1;1;1;1;0;000000;-1;-1;-1;-1;-1;-1;0000000000000000;
108;Ash of War: Blood Tax;1;0;000000;0;0;255;-1;-1;-1;0;108;0;100;0;999999;-1;-1;1;1;1;1;1;1;1;1;1;1;1;0;0;0;0;0;1;0;0;0;0;0;0;0;0;1;1;1;0;2;1;0;0;0000;1;1;1;1;1;1;1;1;1;1;1;1;1;1;1;1;0;1;1;1;1;1;1;1;1;1;1;1;1;1;1;1;1;1;1;1;0;000000;-1;-1;-1;-1;-1;-1;0000000000000000;
109;Ash of War: Repeating Thrust;1;0;000000;0;0;255;-1;-1;-1;0;109;0;100;0;999999;-1;-1;1;1;1;1;1;1;1;1;1;1;1;0;0;0;0;0;1;0;0;0;0;0;0;0;0;1;1;1;0;2;1;0;0;0000;1;1;1;1;1;1;1;1;1;1;1;1;1;1;1;1;0;1;1;1;1;1;1;1;1;1;1;1;1;1;1;1;1;1;1;1;0;000000;-1;-1;-1;-1;-1;-1;0000000000000000;
110;Ash of War: Wild Strikes;1;0;000000;0;0;255;-1;-1;-1;0;110;0;100;0;999999;-1;-1;1;1;1;1;1;1;1;1;1;1;1;0;0;0;0;0;1;0;0;0;0;0;0;0;0;1;1;1;0;2;1;0;0;0000;1;1;1;1;1;1;1;1;1;1;1;1;1;1;1;1;0;1;1;1;1;1;1;1;1;1;1;1;1;1;1;1;1;1;1;1;0;000000;-1;-1;-1;-1;-1;-1;0000000000000000;
111;Ash of War: Spinning Strikes;1;0;000000;0;0;255;-1;-1;-1;0;111;0;100;0;999999;-1;-1;1;1;1;1;1;1;1;1;1;1;1;0;0;0;0;0;1;0;0;0;0;0;0;0;0;1;1;1;0;2;1;0;0;0000;1;1;1;1;1;1;1;1;1;1;1;1;1;1;1;1;0;1;1;1;1;1;1;1;1;1;1;1;1;1;1;1;1;1;1;1;0;000000;-1;-1;-1;-1;-1;-1;0000000000000000;
112;Ash of War: Double Slash;1;0;000000;0;0;255;-1;-1;-1;0;112;0;100;0;999999;-1;-1;1;1;1;1;1;1;1;1;1;1;1;0;0;0;0;0;1;0;0;0;0;0;0;0;0;1;1;1;0;2;1;0;0;0000;1;1;1;1;1;1;1;1;1;1;1;1;1;1;1;1;0;1;1;1;1;1;1;1;1;1;1;1;1;1;1;1;1;1;1;1;0;000000;-1;-1;-1;-1;-1;-1;0000000000000000;
113;Ash of War: Prelate's Charge;1;0;000000;0;0;255;-1;-1;-1;0;113;0;100;0;999999;-1;-1;1;1;1;1;1;1;1;1;1;1;1;0;0;0;0;0;1;0;0;0;0;0;0;0;0;1;1;1;0;2;1;0;0;0000;1;1;1;1;1;1;1;1;1;1;1;1;1;1;1;1;0;1;1;1;1;1;1;1;1;1;1;1;1;1;1;1;1;1;1;1;0;000000;-1;-1;-1;-1;-1;-1;0000000000000000;
114;Ash of War: Unsheathe;1;0;000000;0;0;255;-1;-1;-1;0;114;0;100;0;999999;-1;-1;1;1;1;1;1;1;1;1;1;1;1;0;0;0;0;0;1;0;0;0;0;0;0;0;0;1;1;1;0;2;1;0;0;0000;1;1;1;1;1;1;1;1;1;1;1;1;1;1;1;1;0;1;1;1;1;1;1;1;1;1;1;1;1;1;1;1;1;1;1;1;0;000000;-1;-1;-1;-1;-1;-1;0000000000000000;
115;Ash of War: Square Off;1;0;000000;0;0;255;-1;-1;-1;0;115;0;100;0;999999;-1;-1;1;1;1;1;1;1;1;1;1;1;1;0;0;0;0;0;1;0;0;0;0;0;0;0;0;1;1;1;0;2;1;0;0;0000;1;1;1;1;1;1;1;1;1;1;1;1;1;1;1;1;0;1;1;1;1;1;1;1;1;1;1;1;1;1;1;1;1;1;1;1;0;000000;-1;-1;-1;-1;-1;-1;0000000000000000;
116;Ash of War: Giant Hunt;1;0;000000;0;0;255;-1;-1;-1;0;116;0;100;0;999999;-1;-1;1;1;1;1;1;1;1;1;1;1;1;0;0;0;0;0;1;0;0;0;0;0;0;0;0;1;1;1;0;2;1;0;0;0000;1;1;1;1;1;1;1;1;1;1;1;1;1;1;1;1;0;1;1;1;1;1;1;1;1;1;1;1;1;1;1;1;1;1;1;1;0;000000;-1;-1;-1;-1;-1;-1;0000000000000000;
117;Ash of War: Torch Attack;1;0;000000;0;0;255;-1;-1;-1;0;117;0;100;0;999999;-1;-1;1;1;1;1;1;1;1;1;1;1;1;0;0;0;0;0;1;0;0;0;0;0;0;0;0;1;1;1;0;2;1;0;0;0000;1;1;1;1;1;1;1;1;1;1;1;1;1;1;1;1;0;1;1;1;1;1;1;1;1;1;1;1;1;1;1;1;1;1;1;1;0;000000;-1;-1;-1;-1;-1;-1;0000000000000000;
118;Ash of War: Loretta's Slash;1;0;000000;0;0;255;-1;-1;-1;0;118;0;100;0;999999;-1;-1;1;1;1;1;1;1;1;1;1;1;1;0;0;0;0;0;1;0;0;0;0;0;0;0;0;1;1;1;0;2;1;0;0;0000;1;1;1;1;1;1;1;1;1;1;1;1;1;1;1;1;0;1;1;1;1;1;1;1;1;1;1;1;1;1;1;1;1;1;1;1;0;000000;-1;-1;-1;-1;-1;-1;0000000000000000;
119;Ash of War: Poison Moth Flight;1;0;000000;0;0;255;-1;-1;-1;0;119;0;100;0;999999;-1;-1;1;1;1;1;1;1;1;1;1;1;1;0;0;0;0;0;1;0;0;0;0;0;0;0;0;1;1;1;0;2;1;0;0;0000;1;1;1;1;1;1;1;1;1;1;1;1;1;1;1;1;0;1;1;1;1;1;1;1;1;1;1;1;1;1;1;1;1;1;1;1;0;000000;-1;-1;-1;-1;-1;-1;0000000000000000;
120;Ash of War: Spinning Weapon;1;0;000000;0;0;255;-1;-1;-1;0;120;0;100;0;999999;-1;-1;1;1;1;1;1;1;1;1;1;1;1;0;0;0;0;0;1;0;0;0;0;0;0;0;0;1;1;1;0;2;1;0;0;0000;1;1;1;1;1;1;1;1;1;1;1;1;1;1;1;1;0;1;1;1;1;1;1;1;1;1;1;1;1;1;1;1;1;1;1;1;0;000000;-1;-1;-1;-1;-1;-1;0000000000000000;
121;Ash of War:;1;0;000000;0;0;255;-1;-1;-1;0;121;0;100;0;999999;-1;-1;1;1;1;1;1;1;1;1;1;1;1;0;0;0;0;0;1;0;0;0;0;0;0;0;0;1;1;1;0;2;1;0;0;0000;1;1;1;1;1;1;1;1;1;1;1;1;1;1;1;1;0;1;1;1;1;1;1;1;1;1;1;1;1;1;1;1;1;1;1;1;0;000000;-1;-1;-1;-1;-1;-1;0000000000000000;
122;Ash of War: Storm Assault;1;0;000000;0;0;255;-1;-1;-1;0;122;0;100;0;999999;-1;-1;1;1;1;1;1;1;1;1;1;1;1;0;0;0;0;0;1;0;0;0;0;0;0;0;0;1;1;1;0;2;1;0;0;0000;1;1;1;1;1;1;1;1;1;1;1;1;1;1;1;1;0;1;1;1;1;1;1;1;1;1;1;1;1;1;1;1;1;1;1;1;0;000000;-1;-1;-1;-1;-1;-1;0000000000000000;
123;Ash of War: Stormcaller;1;0;000000;0;0;255;-1;-1;-1;0;123;0;100;0;999999;-1;-1;1;1;1;1;1;1;1;1;1;1;1;0;0;0;0;0;1;0;0;0;0;0;0;0;0;1;1;1;0;2;1;0;0;0000;1;1;1;1;1;1;1;1;1;1;1;1;1;1;1;1;0;1;1;1;1;1;1;1;1;1;1;1;1;1;1;1;1;1;1;1;0;000000;-1;-1;-1;-1;-1;-1;0000000000000000;
124;Ash of War: Sword Dance;1;0;000000;0;0;255;-1;-1;-1;0;124;0;100;0;999999;-1;-1;1;1;1;1;1;1;1;1;1;1;1;0;0;0;0;0;1;0;0;0;0;0;0;0;0;1;1;1;0;2;1;0;0;0000;1;1;1;1;1;1;1;1;1;1;1;1;1;1;1;1;0;1;1;1;1;1;1;1;1;1;1;1;1;1;1;1;1;1;1;1;0;000000;-1;-1;-1;-1;-1;-1;0000000000000000;
125;Ash of War: Sacred Blade;1;0;000000;0;0;255;-1;-1;-1;0;201;0;100;0;999999;-1;-1;1;1;1;1;1;1;1;1;1;1;1;0;0;0;0;0;1;0;0;0;0;0;0;0;0;1;1;1;0;2;1;0;0;0000;1;1;1;1;1;1;1;1;1;1;1;1;1;1;1;1;0;1;1;1;1;1;1;1;1;1;1;1;1;1;1;1;1;1;1;1;0;000000;-1;-1;-1;-1;-1;-1;0000000000000000;
126;Ash of War: Ice Spear;1;0;000000;0;0;255;-1;-1;-1;0;202;0;100;0;999999;-1;-1;1;1;1;1;1;1;1;1;1;1;1;0;0;0;0;0;1;0;0;0;0;0;0;0;0;1;1;1;0;2;1;0;0;0000;1;1;1;1;1;1;1;1;1;1;1;1;1;1;1;1;0;1;1;1;1;1;1;1;1;1;1;1;1;1;1;1;1;1;1;1;0;000000;-1;-1;-1;-1;-1;-1;0000000000000000;
127;Ash of War: Glintstone Pebble;1;0;000000;0;0;255;-1;-1;-1;0;203;0;100;0;999999;-1;-1;1;1;1;1;1;1;1;1;1;1;1;0;0;0;0;0;1;0;0;0;0;0;0;0;0;1;1;1;0;2;1;0;0;0000;1;1;1;1;1;1;1;1;1;1;1;1;1;1;1;1;0;1;1;1;1;1;1;1;1;1;1;1;1;1;1;1;1;1;1;1;0;000000;-1;-1;-1;-1;-1;-1;0000000000000000;
128;Ash of War: Bloody Slash;1;0;000000;0;0;255;-1;-1;-1;0;204;0;100;0;999999;-1;-1;1;1;1;1;1;1;1;1;1;1;1;0;0;0;0;0;1;0;0;0;0;0;0;0;0;1;1;1;0;2;1;0;0;0000;1;1;1;1;1;1;1;1;1;1;1;1;1;1;1;1;0;1;1;1;1;1;1;1;1;1;1;1;1;1;1;1;1;1;1;1;0;000000;-1;-1;-1;-1;-1;-1;0000000000000000;
129;Ash of War: Lifesteal Fist;1;0;000000;0;0;255;-1;-1;-1;0;205;0;100;0;999999;-1;-1;1;1;1;1;1;1;1;1;1;1;1;0;0;0;0;0;1;0;0;0;0;0;0;0;0;1;1;1;0;2;1;0;0;0000;1;1;1;1;1;1;1;1;1;1;1;1;1;1;1;1;0;1;1;1;1;1;1;1;1;1;1;1;1;1;1;1;1;1;1;1;0;000000;-1;-1;-1;-1;-1;-1;0000000000000000;
130;Ash of War: Eruption;1;0;000000;0;0;255;-1;-1;-1;0;207;0;100;0;999999;-1;-1;1;1;1;1;1;1;1;1;1;1;1;0;0;0;0;0;1;0;0;0;0;0;0;0;0;1;1;1;0;2;1;0;0;0000;1;1;1;1;1;1;1;1;1;1;1;1;1;1;1;1;0;1;1;1;1;1;1;1;1;1;1;1;1;1;1;1;1;1;1;1;0;000000;-1;-1;-1;-1;-1;-1;0000000000000000;
131;Ash of War: Prayerful Strike;1;0;000000;0;0;255;-1;-1;-1;0;208;0;100;0;999999;-1;-1;1;1;1;1;1;1;1;1;1;1;1;0;0;0;0;0;1;0;0;0;0;0;0;0;0;1;1;1;0;2;1;0;0;0000;1;1;1;1;1;1;1;1;1;1;1;1;1;1;1;1;0;1;1;1;1;1;1;1;1;1;1;1;1;1;1;1;1;1;1;1;0;000000;-1;-1;-1;-1;-1;-1;0000000000000000;
132;Ash of War: Gravitas;1;0;000000;0;0;255;-1;-1;-1;0;209;0;100;0;999999;-1;-1;1;1;1;1;1;1;1;1;1;1;1;0;0;0;0;0;1;0;0;0;0;0;0;0;0;1;1;1;0;2;1;0;0;0000;1;1;1;1;1;1;1;1;1;1;1;1;1;1;1;1;0;1;1;1;1;1;1;1;1;1;1;1;1;1;1;1;1;1;1;1;0;000000;-1;-1;-1;-1;-1;-1;0000000000000000;
133;Ash of War: Storm Blade;1;0;000000;0;0;255;-1;-1;-1;0;210;0;100;0;999999;-1;-1;1;1;1;1;1;1;1;1;1;1;1;0;0;0;0;0;1;0;0;0;0;0;0;0;0;1;1;1;0;2;1;0;0;0000;1;1;1;1;1;1;1;1;1;1;1;1;1;1;1;1;0;1;1;1;1;1;1;1;1;1;1;1;1;1;1;1;1;1;1;1;0;000000;-1;-1;-1;-1;-1;-1;0000000000000000;
134;Ash of War: Phantom Slash;1;0;000000;0;0;255;-1;-1;-1;0;225;0;100;0;999999;-1;-1;1;1;1;1;1;1;1;1;1;1;1;0;0;0;0;0;1;0;0;0;0;0;0;0;0;1;1;1;0;2;1;0;0;0000;1;1;1;1;1;1;1;1;1;1;1;1;1;1;1;1;0;1;1;1;1;1;1;1;1;1;1;1;1;1;1;1;1;1;1;1;0;000000;-1;-1;-1;-1;-1;-1;0000000000000000;
135;Ash of War: Earthshaker;1;0;000000;0;0;255;-1;-1;-1;0;212;0;100;0;999999;-1;-1;1;1;1;1;1;1;1;1;1;1;1;0;0;0;0;0;1;0;0;0;0;0;0;0;0;1;1;1;0;2;1;0;0;0000;1;1;1;1;1;1;1;1;1;1;1;1;1;1;1;1;0;1;1;1;1;1;1;1;1;1;1;1;1;1;1;1;1;1;1;1;0;000000;-1;-1;-1;-1;-1;-1;0000000000000000;
136;Ash of War: Golden Land;1;0;000000;0;0;255;-1;-1;-1;0;213;0;100;0;999999;-1;-1;1;1;1;1;1;1;1;1;1;1;1;0;0;0;0;0;1;0;0;0;0;0;0;0;0;1;1;1;0;2;1;0;0;0000;1;1;1;1;1;1;1;1;1;1;1;1;1;1;1;1;0;1;1;1;1;1;1;1;1;1;1;1;1;1;1;1;1;1;1;1;0;000000;-1;-1;-1;-1;-1;-1;0000000000000000;
137;Ash of War: Flaming Strike;1;0;000000;0;0;255;-1;-1;-1;0;214;0;100;0;999999;-1;-1;1;1;1;1;1;1;1;1;1;1;1;0;0;0;0;0;1;0;0;0;0;0;0;0;0;1;1;1;0;2;1;0;0;0000;1;1;1;1;1;1;1;1;1;1;1;1;1;1;1;1;0;1;1;1;1;1;1;1;1;1;1;1;1;1;1;1;1;1;1;1;0;000000;-1;-1;-1;-1;-1;-1;0000000000000000;
138;Ash of War: Thunderbolt;1;0;000000;0;0;255;-1;-1;-1;0;216;0;100;0;999999;-1;-1;1;1;1;1;1;1;1;1;1;1;1;0;0;0;0;0;1;0;0;0;0;0;0;0;0;1;1;1;0;2;1;0;0;0000;1;1;1;1;1;1;1;1;1;1;1;1;1;1;1;1;0;1;1;1;1;1;1;1;1;1;1;1;1;1;1;1;1;1;1;1;0;000000;-1;-1;-1;-1;-1;-1;0000000000000000;
139;Ash of War: Lightning Slash;1;0;000000;0;0;255;-1;-1;-1;0;217;0;100;0;999999;-1;-1;1;1;1;1;1;1;1;1;1;1;1;0;0;0;0;0;1;0;0;0;0;0;0;0;0;1;1;1;0;2;1;0;0;0000;1;1;1;1;1;1;1;1;1;1;1;1;1;1;1;1;0;1;1;1;1;1;1;1;1;1;1;1;1;1;1;1;1;1;1;1;0;000000;-1;-1;-1;-1;-1;-1;0000000000000000;
140;Ash of War: Carian Grandeur;1;0;000000;0;0;255;-1;-1;-1;0;218;0;100;0;999999;-1;-1;1;1;1;1;1;1;1;1;1;1;1;0;0;0;0;0;1;0;0;0;0;0;0;0;0;1;1;1;0;2;1;0;0;0000;1;1;1;1;1;1;1;1;1;1;1;1;1;1;1;1;0;1;1;1;1;1;1;1;1;1;1;1;1;1;1;1;1;1;1;1;0;000000;-1;-1;-1;-1;-1;-1;0000000000000000;
141;Ash of War: Carian Greatsword;1;0;000000;0;0;255;-1;-1;-1;0;219;0;100;0;999999;-1;-1;1;1;1;1;1;1;1;1;1;1;1;0;0;0;0;0;1;0;0;0;0;0;0;0;0;1;1;1;0;2;1;0;0;0000;1;1;1;1;1;1;1;1;1;1;1;1;1;1;1;1;0;1;1;1;1;1;1;1;1;1;1;1;1;1;1;1;1;1;1;1;0;000000;-1;-1;-1;-1;-1;-1;0000000000000000;
142;Ash of War: Vacuum Slice;1;0;000000;0;0;255;-1;-1;-1;0;220;0;100;0;999999;-1;-1;1;1;1;1;1;1;1;1;1;1;1;0;0;0;0;0;1;0;0;0;0;0;0;0;0;1;1;1;0;2;1;0;0;0000;1;1;1;1;1;1;1;1;1;1;1;1;1;1;1;1;0;1;1;1;1;1;1;1;1;1;1;1;1;1;1;1;1;1;1;1;0;000000;-1;-1;-1;-1;-1;-1;0000000000000000;
143;Ash of War: Black Flame Tornado;1;0;000000;0;0;255;-1;-1;-1;0;221;0;100;0;999999;-1;-1;1;1;1;1;1;1;1;1;1;1;1;0;0;0;0;0;1;0;0;0;0;0;0;0;0;1;1;1;0;2;1;0;0;0000;1;1;1;1;1;1;1;1;1;1;1;1;1;1;1;1;0;1;1;1;1;1;1;1;1;1;1;1;1;1;1;1;1;1;1;1;0;000000;-1;-1;-1;-1;-1;-1;0000000000000000;
144;Ash of War: Sacred Ring of Light;1;0;000000;0;0;255;-1;-1;-1;0;222;0;100;0;999999;-1;-1;1;1;1;1;1;1;1;1;1;1;1;0;0;0;0;0;1;0;0;0;0;0;0;0;0;1;1;1;0;2;1;0;0;0000;1;1;1;1;1;1;1;1;1;1;1;1;1;1;1;1;0;1;1;1;1;1;1;1;1;1;1;1;1;1;1;1;1;1;1;1;0;000000;-1;-1;-1;-1;-1;-1;0000000000000000;
146;Ash of War: Shield Bash;1;0;000000;0;0;255;-1;-1;-1;0;300;0;100;0;999999;-1;-1;1;1;1;1;1;1;1;1;1;1;1;0;0;0;0;0;1;0;0;0;0;0;0;0;0;1;1;1;0;2;1;0;0;0000;1;1;1;1;1;1;1;1;1;1;1;1;1;1;1;1;0;1;1;1;1;1;1;1;1;1;1;1;1;1;1;1;1;1;1;1;0;000000;-1;-1;-1;-1;-1;-1;0000000000000000;
147;Ash of War: Barricade Shield;1;0;000000;0;0;255;-1;-1;-1;0;301;0;100;0;999999;-1;-1;1;1;1;1;1;1;1;1;1;1;1;0;0;0;0;0;1;0;0;0;0;0;0;0;0;1;1;1;0;2;1;0;0;0000;1;1;1;1;1;1;1;1;1;1;1;1;1;1;1;1;0;1;1;1;1;1;1;1;1;1;1;1;1;1;1;1;1;1;1;1;0;000000;-1;-1;-1;-1;-1;-1;0000000000000000;
148;Ash of War: Parry;1;0;000000;0;0;255;-1;-1;-1;0;302;0;100;0;999999;-1;-1;1;1;1;1;1;1;1;1;1;1;1;0;0;0;0;0;1;0;0;0;0;0;0;0;0;1;1;1;0;2;1;0;0;0000;1;1;1;1;1;1;1;1;1;1;1;1;1;1;1;1;0;1;1;1;1;1;1;1;1;1;1;1;1;1;1;1;1;1;1;1;0;000000;-1;-1;-1;-1;-1;-1;0000000000000000;
149;Ash of War: Buckler Parry;1;0;000000;0;0;255;-1;-1;-1;0;303;0;100;0;999999;-1;-1;1;1;1;1;1;1;1;1;1;1;1;0;0;0;0;0;1;0;0;0;0;0;0;0;0;1;1;1;0;2;1;0;0;0000;1;1;1;1;1;1;1;1;1;1;1;1;1;1;1;1;0;1;1;1;1;1;1;1;1;1;1;1;1;1;1;1;1;1;1;1;0;000000;-1;-1;-1;-1;-1;-1;0000000000000000;
151;Ash of War: Carian Retaliation;1;0;000000;0;0;255;-1;-1;-1;0;305;0;100;0;999999;-1;-1;1;1;1;1;1;1;1;1;1;1;1;0;0;0;0;0;1;0;0;0;0;0;0;0;0;1;1;1;0;2;1;0;0;0000;1;1;1;1;1;1;1;1;1;1;1;1;1;1;1;1;0;1;1;1;1;1;1;1;1;1;1;1;1;1;1;1;1;1;1;1;0;000000;-1;-1;-1;-1;-1;-1;0000000000000000;
152;Ash of War: Storm Wall;1;0;000000;0;0;255;-1;-1;-1;0;306;0;100;0;999999;-1;-1;1;1;1;1;1;1;1;1;1;1;1;0;0;0;0;0;1;0;0;0;0;0;0;0;0;1;1;1;0;2;1;0;0;0000;1;1;1;1;1;1;1;1;1;1;1;1;1;1;1;1;0;1;1;1;1;1;1;1;1;1;1;1;1;1;1;1;1;1;1;1;0;000000;-1;-1;-1;-1;-1;-1;0000000000000000;
153;Ash of War: Golden Parry;1;0;000000;0;0;255;-1;-1;-1;0;307;0;100;0;999999;-1;-1;1;1;1;1;1;1;1;1;1;1;1;0;0;0;0;0;1;0;0;0;0;0;0;0;0;1;1;1;0;2;1;0;0;0000;1;1;1;1;1;1;1;1;1;1;1;1;1;1;1;1;0;1;1;1;1;1;1;1;1;1;1;1;1;1;1;1;1;1;1;1;0;000000;-1;-1;-1;-1;-1;-1;0000000000000000;
154;Ash of War: Shield Crash;1;0;000000;0;0;255;-1;-1;-1;0;308;0;100;0;999999;-1;-1;1;1;1;1;1;1;1;1;1;1;1;0;0;0;0;0;1;0;0;0;0;0;0;0;0;1;1;1;0;2;1;0;0;0000;1;1;1;1;1;1;1;1;1;1;1;1;1;1;1;1;0;1;1;1;1;1;1;1;1;1;1;1;1;1;1;1;1;1;1;1;0;000000;-1;-1;-1;-1;-1;-1;0000000000000000;
155;Ash of War: Through and Through;1;0;000000;0;0;255;-1;-1;-1;0;400;0;100;0;999999;-1;-1;1;1;1;1;1;1;1;1;1;1;1;0;0;0;0;0;1;0;0;0;0;0;0;0;0;1;1;1;0;2;1;0;0;0000;1;1;1;1;1;1;1;1;1;1;1;1;1;1;1;1;0;1;1;1;1;1;1;1;1;1;1;1;1;1;1;1;1;1;1;1;0;000000;-1;-1;-1;-1;-1;-1;0000000000000000;
156;Ash of War: Barrage;1;0;000000;0;0;255;-1;-1;-1;0;401;0;100;0;999999;-1;-1;1;1;1;1;1;1;1;1;1;1;1;0;0;0;0;0;1;0;0;0;0;0;0;0;0;1;1;1;0;2;1;0;0;0000;1;1;1;1;1;1;1;1;1;1;1;1;1;1;1;1;0;1;1;1;1;1;1;1;1;1;1;1;1;1;1;1;1;1;1;1;0;000000;-1;-1;-1;-1;-1;-1;0000000000000000;
157;Ash of War: Mighty Shot;1;0;000000;0;0;255;-1;-1;-1;0;402;0;100;0;999999;-1;-1;1;1;1;1;1;1;1;1;1;1;1;0;0;0;0;0;1;0;0;0;0;0;0;0;0;1;1;1;0;2;1;0;0;0000;1;1;1;1;1;1;1;1;1;1;1;1;1;1;1;1;0;1;1;1;1;1;1;1;1;1;1;1;1;1;1;1;1;1;1;1;0;000000;-1;-1;-1;-1;-1;-1;0000000000000000;
158;Ash of War: Enchanted Shot;1;0;000000;0;0;255;-1;-1;-1;0;404;0;100;0;999999;-1;-1;1;1;1;1;1;1;1;1;1;1;1;0;0;0;0;0;1;0;0;0;0;0;0;0;0;1;1;1;0;2;1;0;0;0000;1;1;1;1;1;1;1;1;1;1;1;1;1;1;1;1;0;1;1;1;1;1;1;1;1;1;1;1;1;1;1;1;1;1;1;1;0;000000;-1;-1;-1;-1;-1;-1;0000000000000000;
159;Ash of War: Sky Shot;1;0;000000;0;0;255;-1;-1;-1;0;405;0;100;0;999999;-1;-1;1;1;1;1;1;1;1;1;1;1;1;0;0;0;0;0;1;0;0;0;0;0;0;0;0;1;1;1;0;2;1;0;0;0000;1;1;1;1;1;1;1;1;1;1;1;1;1;1;1;1;0;1;1;1;1;1;1;1;1;1;1;1;1;1;1;1;1;1;1;1;0;000000;-1;-1;-1;-1;-1;-1;0000000000000000;
160;Ash of War: Rain of Arrows;1;0;000000;0;0;255;-1;-1;-1;0;406;0;100;0;999999;-1;-1;1;1;1;1;1;1;1;1;1;1;1;0;0;0;0;0;1;0;0;0;0;0;0;0;0;1;1;1;0;2;1;0;0;0000;1;1;1;1;1;1;1;1;1;1;1;1;1;1;1;1;0;1;1;1;1;1;1;1;1;1;1;1;1;1;1;1;1;1;1;1;0;000000;-1;-1;-1;-1;-1;-1;0000000000000000;
161;Ash of War:;1;0;000000;0;0;255;-1;-1;-1;0;407;0;100;0;999999;-1;-1;1;1;1;1;1;1;1;1;1;1;1;0;0;0;0;0;1;0;0;0;0;0;0;0;0;1;1;1;0;2;1;0;0;0000;1;1;1;1;1;1;1;1;1;1;1;1;1;1;1;1;0;1;1;1;1;1;1;1;1;1;1;1;1;1;1;1;1;1;1;1;0;000000;-1;-1;-1;-1;-1;-1;0000000000000000;
163;Ash of War:;1;0;000000;0;0;255;-1;-1;-1;0;-1;0;100;0;999999;-1;-1;1;1;1;1;1;1;1;1;1;1;1;0;0;0;0;0;1;0;0;0;0;0;0;0;0;1;1;1;0;2;1;0;0;0000;1;1;1;1;1;1;1;1;1;1;1;1;1;1;1;1;0;1;1;1;1;1;1;1;1;1;1;1;1;1;1;1;1;1;1;1;0;000000;-1;-1;-1;-1;-1;-1;0000000000000000;
164;Ash of War: Hoarfrost Stomp;1;0;000000;0;0;255;-1;-1;-1;0;501;0;100;0;999999;-1;-1;1;1;1;1;1;1;1;1;1;1;1;0;0;0;0;0;1;0;0;0;0;0;0;0;0;1;1;1;0;2;1;0;0;0000;1;1;1;1;1;1;1;1;1;1;1;1;1;1;1;1;0;1;1;1;1;1;1;1;1;1;1;1;1;1;1;1;1;1;1;1;0;000000;-1;-1;-1;-1;-1;-1;0000000000000000;
165;Ash of War: Storm Stomp;1;0;000000;0;0;255;-1;-1;-1;0;502;0;100;0;999999;-1;-1;1;1;1;1;1;1;1;1;1;1;1;0;0;0;0;0;1;0;0;0;0;0;0;0;0;1;1;1;0;2;1;0;0;0000;1;1;1;1;1;1;1;1;1;1;1;1;1;1;1;1;0;1;1;1;1;1;1;1;1;1;1;1;1;1;1;1;1;1;1;1;0;000000;-1;-1;-1;-1;-1;-1;0000000000000000;
166;Ash of War: Kick;1;0;000000;0;0;255;-1;-1;-1;0;503;0;100;0;999999;-1;-1;1;1;1;1;1;1;1;1;1;1;1;0;0;0;0;0;1;0;0;0;0;0;0;0;0;1;1;1;0;2;1;0;0;0000;1;1;1;1;1;1;1;1;1;1;1;1;1;1;1;1;0;1;1;1;1;1;1;1;1;1;1;1;1;1;1;1;1;1;1;1;0;000000;-1;-1;-1;-1;-1;-1;0000000000000000;
167;Ash of War: Lightning Ram;1;0;000000;0;0;255;-1;-1;-1;0;504;0;100;0;999999;-1;-1;1;1;1;1;1;1;1;1;1;1;1;0;0;0;0;0;1;0;0;0;0;0;0;0;0;1;1;1;0;2;1;0;0;0000;1;1;1;1;1;1;1;1;1;1;1;1;1;1;1;1;0;1;1;1;1;1;1;1;1;1;1;1;1;1;1;1;1;1;1;1;0;000000;-1;-1;-1;-1;-1;-1;0000000000000000;
168;Ash of War: Flame of the Redmanes;1;0;000000;0;0;255;-1;-1;-1;0;505;0;100;0;999999;-1;-1;1;1;1;1;1;1;1;1;1;1;1;0;0;0;0;0;1;0;0;0;0;0;0;0;0;1;1;1;0;2;1;0;0;0000;1;1;1;1;1;1;1;1;1;1;1;1;1;1;1;1;0;1;1;1;1;1;1;1;1;1;1;1;1;1;1;1;1;1;1;1;0;000000;-1;-1;-1;-1;-1;-1;0000000000000000;
169;Ash of War: Ground Slam;1;0;000000;0;0;255;-1;-1;-1;0;506;0;100;0;999999;-1;-1;1;1;1;1;1;1;1;1;1;1;1;0;0;0;0;0;1;0;0;0;0;0;0;0;0;1;1;1;0;2;1;0;0;0000;1;1;1;1;1;1;1;1;1;1;1;1;1;1;1;1;0;1;1;1;1;1;1;1;1;1;1;1;1;1;1;1;1;1;1;1;0;000000;-1;-1;-1;-1;-1;-1;0000000000000000;
170;Ash of War: Golden Slam;1;0;000000;0;0;255;-1;-1;-1;0;507;0;100;0;999999;-1;-1;1;1;1;1;1;1;1;1;1;1;1;0;0;0;0;0;1;0;0;0;0;0;0;0;0;1;1;1;0;2;1;0;0;0000;1;1;1;1;1;1;1;1;1;1;1;1;1;1;1;1;0;1;1;1;1;1;1;1;1;1;1;1;1;1;1;1;1;1;1;1;0;000000;-1;-1;-1;-1;-1;-1;0000000000000000;
171;Ash of War: Waves of Darkness;1;0;000000;0;0;255;-1;-1;-1;0;508;0;100;0;999999;-1;-1;1;1;1;1;1;1;1;1;1;1;1;0;0;0;0;0;1;0;0;0;0;0;0;0;0;1;1;1;0;2;1;0;0;0000;1;1;1;1;1;1;1;1;1;1;1;1;1;1;1;1;0;1;1;1;1;1;1;1;1;1;1;1;1;1;1;1;1;1;1;1;0;000000;-1;-1;-1;-1;-1;-1;0000000000000000;
173;Ash of War: Determination;1;0;000000;0;0;255;-1;-1;-1;0;600;0;100;0;999999;-1;-1;1;1;1;1;1;1;1;1;1;1;1;0;0;0;0;0;1;0;0;0;0;0;0;0;0;1;1;1;0;2;1;0;0;0000;1;1;1;1;1;1;1;1;1;1;1;1;1;1;1;1;0;1;1;1;1;1;1;1;1;1;1;1;1;1;1;1;1;1;1;1;0;000000;-1;-1;-1;-1;-1;-1;0000000000000000;
174;Ash of War: Assassin's Gambit;1;0;000000;0;0;255;-1;-1;-1;0;602;0;100;0;999999;-1;-1;1;1;1;1;1;1;1;1;1;1;1;0;0;0;0;0;1;0;0;0;0;0;0;0;0;1;1;1;0;2;1;0;0;0000;1;1;1;1;1;1;1;1;1;1;1;1;1;1;1;1;0;1;1;1;1;1;1;1;1;1;1;1;1;1;1;1;1;1;1;1;0;000000;-1;-1;-1;-1;-1;-1;0000000000000000;
175;Ash of War: Golden Vow;1;0;000000;0;0;255;-1;-1;-1;0;603;0;100;0;999999;-1;-1;1;1;1;1;1;1;1;1;1;1;1;0;0;0;0;0;1;0;0;0;0;0;0;0;0;1;1;1;0;2;1;0;0;0000;1;1;1;1;1;1;1;1;1;1;1;1;1;1;1;1;0;1;1;1;1;1;1;1;1;1;1;1;1;1;1;1;1;1;1;1;0;000000;-1;-1;-1;-1;-1;-1;0000000000000000;
176;Ash of War: Sacred Order;1;0;000000;0;0;255;-1;-1;-1;0;604;0;100;0;999999;-1;-1;1;1;1;1;1;1;1;1;1;1;1;0;0;0;0;0;1;0;0;0;0;0;0;0;0;1;1;1;0;2;1;0;0;0000;1;1;1;1;1;1;1;1;1;1;1;1;1;1;1;1;0;1;1;1;1;1;1;1;1;1;1;1;1;1;1;1;1;1;1;1;0;000000;-1;-1;-1;-1;-1;-1;0000000000000000;
177;Ash of War: Seppuku;1;0;000000;0;0;255;-1;-1;-1;0;606;0;100;0;999999;-1;-1;1;1;1;1;1;1;1;1;1;1;1;0;0;0;0;0;1;0;0;0;0;0;0;0;0;1;1;1;0;2;1;0;0;0000;1;1;1;1;1;1;1;1;1;1;1;1;1;1;1;1;0;1;1;1;1;1;1;1;1;1;1;1;1;1;1;1;1;1;1;1;0;000000;-1;-1;-1;-1;-1;-1;0000000000000000;
178;Ash of War: Cragblade;1;0;000000;0;0;255;-1;-1;-1;0;607;0;100;0;999999;-1;-1;1;1;1;1;1;1;1;1;1;1;1;0;0;0;0;0;1;0;0;0;0;0;0;0;0;1;1;1;0;2;1;0;0;0000;1;1;1;1;1;1;1;1;1;1;1;1;1;1;1;1;0;1;1;1;1;1;1;1;1;1;1;1;1;1;1;1;1;1;1;1;0;000000;-1;-1;-1;-1;-1;-1;0000000000000000;
179;Ash of War: Shared Order;1;0;000000;0;0;255;-1;-1;-1;0;605;0;100;0;999999;-1;-1;1;1;1;1;1;1;1;1;1;1;1;0;0;0;0;0;1;0;0;0;0;0;0;0;0;1;1;1;0;2;1;0;0;0000;1;1;1;1;1;1;1;1;1;1;1;1;1;1;1;1;0;1;1;1;1;1;1;1;1;1;1;1;1;1;1;1;1;1;1;1;0;000000;-1;-1;-1;-1;-1;-1;0000000000000000;
180;Ash of War: Barbaric Roar;1;0;000000;0;0;255;-1;-1;-1;0;650;0;100;0;999999;-1;-1;1;1;1;1;1;1;1;1;1;1;1;0;0;0;0;0;1;0;0;0;0;0;0;0;0;1;1;1;0;2;1;0;0;0000;1;1;1;1;1;1;1;1;1;1;1;1;1;1;1;1;0;1;1;1;1;1;1;1;1;1;1;1;1;1;1;1;1;1;1;1;0;000000;-1;-1;-1;-1;-1;-1;0000000000000000;
181;Ash of War: Beast's Roar;1;0;000000;0;0;255;-1;-1;-1;0;652;0;100;0;999999;-1;-1;1;1;1;1;1;1;1;1;1;1;1;0;0;0;0;0;1;0;0;0;0;0;0;0;0;1;1;1;0;2;1;0;0;0000;1;1;1;1;1;1;1;1;1;1;1;1;1;1;1;1;0;1;1;1;1;1;1;1;1;1;1;1;1;1;1;1;1;1;1;1;0;000000;-1;-1;-1;-1;-1;-1;0000000000000000;
182;Ash of War:;1;0;000000;0;0;255;-1;-1;-1;0;-1;0;100;0;999999;-1;-1;1;1;1;1;1;1;1;1;1;1;1;0;0;0;0;0;1;0;0;0;0;0;0;0;0;1;1;1;0;2;1;0;0;0000;1;1;1;1;1;1;1;1;1;1;1;1;1;1;1;1;0;1;1;1;1;1;1;1;1;1;1;1;1;1;1;1;1;1;1;1;0;000000;-1;-1;-1;-1;-1;-1;0000000000000000;
183;Ash of War: Braggart's Roar;1;0;000000;0;0;255;-1;-1;-1;0;654;0;100;0;999999;-1;-1;1;1;1;1;1;1;1;1;1;1;1;0;0;0;0;0;1;0;0;0;0;0;0;0;0;1;1;1;0;2;1;0;0;0000;1;1;1;1;1;1;1;1;1;1;1;1;1;1;1;1;0;1;1;1;1;1;1;1;1;1;1;1;1;1;1;1;1;1;1;1;0;000000;-1;-1;-1;-1;-1;-1;0000000000000000;
184;Ash of War: Troll's Roar;1;0;000000;0;0;255;-1;-1;-1;0;653;0;100;0;999999;-1;-1;1;1;1;1;1;1;1;1;1;1;1;0;0;0;0;0;1;0;0;0;0;0;0;0;0;1;1;1;0;2;1;0;0;0000;1;1;1;1;1;1;1;1;1;1;1;1;1;1;1;1;0;1;1;1;1;1;1;1;1;1;1;1;1;1;1;1;1;1;1;1;0;000000;-1;-1;-1;-1;-1;-1;0000000000000000;
185;Ash of War: Endure;1;0;000000;0;0;255;-1;-1;-1;0;700;0;100;0;999999;-1;-1;1;1;1;1;1;1;1;1;1;1;1;0;0;0;0;0;1;0;0;0;0;0;0;0;0;1;1;1;0;2;1;0;0;0000;1;1;1;1;1;1;1;1;1;1;1;1;1;1;1;1;0;1;1;1;1;1;1;1;1;1;1;1;1;1;1;1;1;1;1;1;0;000000;-1;-1;-1;-1;-1;-1;0000000000000000;
186;Ash of War: Vow of the Indomitable;1;0;000000;0;0;255;-1;-1;-1;0;701;0;100;0;999999;-1;-1;1;1;1;1;1;1;1;1;1;1;1;0;0;0;0;0;1;0;0;0;0;0;0;0;0;1;1;1;0;2;1;0;0;0000;1;1;1;1;1;1;1;1;1;1;1;1;1;1;1;1;0;1;1;1;1;1;1;1;1;1;1;1;1;1;1;1;1;1;1;1;0;000000;-1;-1;-1;-1;-1;-1;0000000000000000;
187;Ash of War: Holy Ground;1;0;000000;0;0;255;-1;-1;-1;0;702;0;100;0;999999;-1;-1;1;1;1;1;1;1;1;1;1;1;1;0;0;0;0;0;1;0;0;0;0;0;0;0;0;1;1;1;0;2;1;0;0;0000;1;1;1;1;1;1;1;1;1;1;1;1;1;1;1;1;0;1;1;1;1;1;1;1;1;1;1;1;1;1;1;1;1;1;1;1;0;000000;-1;-1;-1;-1;-1;-1;0000000000000000;
190;Ash of War: Quickstep;1;0;000000;0;0;255;-1;-1;-1;0;800;0;100;0;999999;-1;-1;1;1;1;1;1;1;1;1;1;1;1;0;0;0;0;0;1;0;0;0;0;0;0;0;0;1;1;1;0;2;1;0;0;0000;1;1;1;1;1;1;1;1;1;1;1;1;1;1;1;1;0;1;1;1;1;1;1;1;1;1;1;1;1;1;1;1;1;1;1;1;0;000000;-1;-1;-1;-1;-1;-1;0000000000000000;
191;Ash of War: Bloodhound's Step;1;0;000000;0;0;255;-1;-1;-1;0;801;0;100;0;999999;-1;-1;1;1;1;1;1;1;1;1;1;1;1;0;0;0;0;0;1;0;0;0;0;0;0;0;0;1;1;1;0;2;1;0;0;0000;1;1;1;1;1;1;1;1;1;1;1;1;1;1;1;1;0;1;1;1;1;1;1;1;1;1;1;1;1;1;1;1;1;1;1;1;0;000000;-1;-1;-1;-1;-1;-1;0000000000000000;
192;Ash of War: Raptor of the Mists;1;0;000000;0;0;255;-1;-1;-1;0;802;0;100;0;999999;-1;-1;1;1;1;1;1;1;1;1;1;1;1;0;0;0;0;0;1;0;0;0;0;0;0;0;0;1;1;1;0;2;1;0;0;0000;1;1;1;1;1;1;1;1;1;1;1;1;1;1;1;1;0;1;1;1;1;1;1;1;1;1;1;1;1;1;1;1;1;1;1;1;0;000000;-1;-1;-1;-1;-1;-1;0000000000000000;
194;Ash of War: White Shadow's Lure;1;0;000000;0;0;255;-1;-1;-1;0;850;0;100;0;999999;-1;-1;1;1;1;1;1;1;1;1;1;1;1;0;0;0;0;0;1;0;0;0;0;0;0;0;0;1;1;1;0;2;1;0;0;0000;1;1;1;1;1;1;1;1;1;1;1;1;1;1;1;1;0;1;1;1;1;1;1;1;1;1;1;1;1;1;1;1;1;1;1;1;0;000000;-1;-1;-1;-1;-1;-1;0000000000000000;
195;Ash of War: Sword Dance;1;0;000000;0;0;255;-1;-1;-1;0;124;0;100;0;999999;-1;-1;1;1;1;1;1;1;1;1;1;1;1;0;0;0;0;0;1;0;0;0;0;0;0;0;0;1;1;1;0;2;1;0;0;0000;1;1;1;1;1;1;1;1;1;1;1;1;1;1;1;1;0;1;1;1;1;1;1;1;1;1;1;1;1;1;1;1;1;1;1;1;0;000000;-1;-1;-1;-1;-1;-1;0000000000000000;
196;Ash of War: Firebreather;1;0;000000;0;0;255;-1;-1;-1;0;223;0;100;0;999999;-1;-1;1;1;1;1;1;1;1;1;1;1;1;0;0;0;0;0;1;0;0;0;0;0;0;0;0;1;1;1;0;2;1;0;0;0000;1;1;1;1;1;1;1;1;1;1;1;1;1;1;1;1;0;1;1;1;1;1;1;1;1;1;1;1;1;1;1;1;1;1;1;1;0;000000;-1;-1;-1;-1;-1;-1;0000000000000000;
197;Ash of War: Blood Blade;1;0;000000;0;0;255;-1;-1;-1;0;224;0;100;0;999999;-1;-1;1;1;1;1;1;1;1;1;1;1;1;0;0;0;0;0;1;0;0;0;0;0;0;0;0;1;1;1;0;2;1;0;0;0000;1;1;1;1;1;1;1;1;1;1;1;1;1;1;1;1;0;1;1;1;1;1;1;1;1;1;1;1;1;1;1;1;1;1;1;1;0;000000;-1;-1;-1;-1;-1;-1;0000000000000000;
198;Ash of War: Thops's Barrier;1;0;000000;0;0;255;-1;-1;-1;0;309;0;100;0;999999;-1;-1;1;1;1;1;1;1;1;1;1;1;1;0;0;0;0;0;1;0;0;0;0;0;0;0;0;1;1;1;0;2;1;0;0;0000;1;1;1;1;1;1;1;1;1;1;1;1;1;1;1;1;0;1;1;1;1;1;1;1;1;1;1;1;1;1;1;1;1;1;1;1;0;000000;-1;-1;-1;-1;-1;-1;0000000000000000;
1000;Ash of War: Lion's Claw;1;0;000000;21000;0;255;2300;-1;-1;710600;100;0;100;0;999999;-1;-1;1;1;1;1;1;1;1;1;1;1;1;1;1;0;0;0;1;0;0;0;0;0;0;0;0;1;1;1;0;2;1;0;1;0000;0;1;1;1;1;1;1;0;0;0;1;1;1;1;1;0;0;0;0;0;0;0;0;1;0;0;0;0;0;0;0;0;0;0;0;0;0;000000;2300;-1;-1;-1;-1;-1;0000000000000000;
1001;Ash of War: Impaling Thrust;1;0;000000;21000;0;255;-1;-1;-1;0;101;0;100;0;999999;-1;-1;1;1;1;1;1;1;1;1;1;1;1;1;1;0;0;0;1;0;0;0;0;0;0;0;0;1;1;1;0;2;1;0;2;0000;1;1;1;0;0;0;1;1;1;1;0;0;0;0;0;1;0;1;1;0;0;0;0;0;0;0;0;0;0;0;0;0;0;0;0;0;0;000000;-1;-1;-1;-1;-1;-1;0000000000000000;
1002;Ash of War: Spinning Slash;1;0;000000;21000;0;255;-1;-1;-1;0;103;0;100;0;999999;-1;-1;1;1;1;1;1;1;1;1;1;1;1;1;1;0;0;0;1;0;0;0;0;0;0;0;0;1;1;1;0;2;1;0;2;0000;1;1;1;1;1;1;1;1;0;0;1;1;1;1;1;0;0;0;0;0;1;1;0;1;0;0;0;0;0;0;0;0;0;0;0;0;0;000000;-1;-1;-1;-1;-1;-1;0000000000000000;
1003;Ash of War:;1;0;000000;21000;0;255;-1;-1;-1;0;104;0;100;0;999999;-1;-1;1;1;1;1;1;1;1;1;1;1;1;0;0;0;0;0;1;0;0;0;0;0;0;0;0;1;1;1;0;2;1;0;0;0000;0;0;0;0;0;0;0;0;0;0;0;0;0;0;0;1;0;1;1;1;0;0;0;0;0;0;0;0;0;0;0;0;0;0;0;0;0;000000;-1;-1;-1;-1;-1;-1;0000000000000000;
1004;Ash of War: Glintblade Phalanx;1;0;000000;21001;0;255;2810;-1;-1;710600;200;0;100;0;999999;-1;-1;1;1;1;1;0;0;0;1;0;1;0;0;1;0;0;0;1;0;0;0;0;0;0;0;0;1;1;1;0;2;1;0;8;0000;1;1;1;1;1;1;1;1;1;1;1;1;1;1;1;1;0;1;1;1;1;1;1;1;0;0;0;0;0;0;0;0;0;0;0;0;0;000000;2810;-1;-1;-1;-1;-1;0000000000000000;
1005;Ash of War:;1;0;000000;0;0;255;-1;-1;-1;0;-1;0;100;0;999999;-1;-1;0;0;0;0;0;0;0;0;0;0;1;0;0;0;0;0;1;0;0;0;0;0;0;0;0;1;1;1;0;2;1;0;0;0000;1;1;1;1;1;1;1;1;1;1;0;0;0;0;0;0;0;0;0;1;0;0;0;0;0;0;0;0;0;0;0;0;0;0;0;0;0;000000;-1;-1;-1;-1;-1;-1;0000000000000000;
1006;Ash of War: Eruption;1;0;000000;21042;0;255;2390;-1;-1;710600;207;0;100;0;999999;-1;-1;1;1;1;1;1;1;0;0;0;1;0;0;0;0;0;0;1;0;0;0;0;0;0;0;0;1;1;1;0;2;1;0;4;0000;0;1;1;1;1;1;1;1;0;1;1;1;1;1;1;1;0;1;1;1;0;0;0;1;0;0;0;0;0;0;0;0;0;0;0;0;0;000000;2390;-1;-1;-1;-1;-1;0000000000000000;
1007;Ash of War: Gravitas;1;0;000000;21011;0;255;2390;-1;-1;710600;209;0;100;0;999999;-1;-1;1;1;1;1;0;0;0;1;0;1;0;0;1;0;0;0;1;0;0;0;0;0;0;0;0;1;1;1;0;2;1;0;8;0000;0;1;1;1;1;1;1;1;1;1;1;1;1;1;1;1;0;1;1;1;0;0;0;1;0;0;0;0;0;0;0;0;0;0;0;0;0;000000;2390;-1;-1;-1;-1;-1;0000000000000000;
1008;Ash of War: Storm Blade;1;0;000000;21014;0;255;2330;-1;-1;710600;210;0;100;0;999999;-1;-1;1;1;1;1;1;1;1;1;1;1;1;1;1;0;0;0;1;0;0;0;0;0;0;0;0;1;1;1;0;2;1;0;3;0000;1;1;1;0;1;1;1;1;1;1;1;1;1;1;1;1;0;1;1;1;0;0;0;0;0;0;0;0;0;0;0;0;0;0;0;0;0;000000;2330;-1;-1;-1;-1;-1;0000000000000000;
1009;Ash of War: Earthshaker;1;0;000000;21050;0;255;2390;-1;-1;710600;212;0;100;0;999999;-1;-1;1;1;1;1;1;1;1;1;1;1;1;1;1;0;0;0;1;0;0;0;0;0;0;0;0;1;1;1;0;2;1;0;1;0000;0;0;1;1;0;1;0;0;0;0;1;1;1;1;1;0;0;1;1;1;0;0;0;1;0;0;0;0;0;0;0;0;0;0;0;0;0;000000;2390;-1;-1;-1;-1;-1;0000000000000000;
1010;Ash of War: Flaming Strike;1;0;000000;21050;0;255;-1;-1;-1;0;214;0;100;0;999999;-1;-1;1;1;1;1;1;1;0;0;0;1;0;0;0;0;0;0;1;0;0;0;0;0;0;0;0;1;1;1;0;2;1;0;4;0000;1;1;1;1;1;1;1;1;1;1;1;1;1;1;1;1;0;1;1;1;0;0;0;1;0;0;0;0;0;0;0;0;0;0;0;0;0;000000;-1;-1;-1;-1;-1;-1;0000000000000000;
1011;Ash of War: Thunderbolt;1;0;000000;21028;0;255;2280;-1;-1;710600;216;0;100;0;999999;-1;-1;1;1;1;1;0;0;1;0;0;1;0;0;0;0;0;0;1;0;0;0;0;0;0;0;0;1;1;1;0;2;1;0;6;0000;1;1;1;1;1;1;1;1;1;1;1;1;1;1;1;1;0;1;1;1;1;1;1;1;0;0;0;0;0;0;0;0;0;0;0;0;0;000000;2280;-1;-1;-1;-1;-1;0000000000000000;
1012;Ash of War: Carian Greatsword;1;0;000000;21033;0;255;2330;-1;-1;710600;219;0;100;0;999999;-1;-1;1;1;1;1;0;0;0;1;0;1;0;0;1;0;0;0;1;0;0;0;0;0;0;0;0;1;1;1;0;2;1;0;8;0000;1;1;1;0;1;0;1;1;1;1;1;1;1;1;1;1;0;1;1;1;1;1;1;1;0;0;0;0;0;0;0;0;0;0;0;0;0;000000;2330;-1;-1;-1;-1;-1;0000000000000000;
1013;Ash of War: Storm Stomp;1;0;000000;21042;0;255;2330;-1;-1;710600;502;0;100;0;999999;-1;-1;1;1;1;1;1;1;1;1;1;1;1;0;0;0;0;0;1;0;0;0;0;0;0;0;0;1;1;1;0;2;1;0;0;0000;1;1;1;1;1;1;1;1;1;1;1;1;1;1;1;1;0;1;1;1;1;1;1;1;0;0;0;0;0;0;0;0;0;0;0;0;0;000000;2330;-1;-1;-1;-1;-1;0000000000000000;
1014;Ash of War: Determination;1;0;000000;21017;0;255;2300;-1;-1;710600;600;0;100;0;999999;-1;-1;1;1;1;1;1;1;1;1;1;1;1;1;1;0;0;0;1;0;0;0;0;0;0;0;0;1;1;1;0;2;1;0;3;0000;1;1;1;1;1;1;1;1;1;1;1;1;1;1;1;1;0;1;1;1;1;1;1;1;0;0;0;0;0;0;0;0;0;0;0;0;0;000000;2300;-1;-1;-1;-1;-1;0000000000000000;
1015;Ash of War: Holy Ground;1;0;000000;21054;0;255;2760;-1;-1;710600;702;0;100;0;999999;-1;-1;1;1;1;1;0;0;0;0;0;1;0;0;0;0;0;0;1;0;0;0;0;0;0;0;0;1;1;1;0;2;1;0;7;0000;1;1;1;1;1;1;1;1;1;1;1;1;1;1;1;1;0;1;1;1;1;1;1;1;0;0;0;0;0;0;0;0;1;1;1;1;0;000000;2760;-1;-1;-1;-1;-1;0000000000000000;
1016;Ash of War: Quickstep;1;0;000000;21058;0;255;2280;-1;-1;710600;800;0;100;0;999999;-1;-1;1;1;1;1;1;1;1;1;1;1;1;1;1;0;0;0;1;0;0;0;0;0;0;0;0;1;1;1;0;2;1;0;2;0000;1;1;1;1;1;1;1;1;1;1;1;1;1;1;1;1;0;1;1;1;1;1;1;1;0;0;0;0;0;0;0;0;1;1;1;1;0;000000;2280;-1;-1;-1;-1;-1;0000000000000000;
1017;Ash of War: Raptor of the Mists;1;0;000000;0;0;255;-1;-1;-1;0;802;0;100;0;999999;-1;-1;1;1;1;1;1;1;1;1;1;1;1;1;1;0;0;0;1;0;0;0;0;0;0;0;0;1;1;1;0;2;1;0;9;0000;1;1;1;1;1;1;1;1;1;1;1;1;1;1;1;1;0;1;1;1;1;1;1;1;0;0;0;0;0;0;0;0;1;1;1;1;0;000000;-1;-1;-1;-1;-1;-1;0000000000000000;
10000;Ash of War: Lion's Claw;1;0;000000;8300;0;10;-1;-1;-1;710600;100;0;300;0;350030;-1;-1;1;1;1;1;1;1;1;1;1;1;1;1;1;0;0;0;1;0;0;0;0;0;0;0;0;1;1;1;0;2;1;0;1;0000;0;1;1;1;1;1;1;1;0;0;1;1;1;1;1;0;0;0;0;0;0;0;0;1;0;0;0;0;0;0;0;0;0;0;0;0;0;000000;-1;-1;-1;-1;-1;63000;0000000000000000;
10100;Ash of War: Impaling Thrust;1;0;000000;8301;0;20;-1;-1;-1;710600;101;0;300;0;351010;-1;-1;1;1;1;1;1;1;1;1;1;1;1;1;1;0;0;0;1;0;0;0;0;0;0;0;0;1;1;1;0;2;1;0;2;0000;1;1;1;0;0;0;1;1;1;1;0;0;0;0;0;1;0;1;1;0;0;1;0;0;0;0;0;0;0;0;0;0;0;0;0;0;0;000000;-1;-1;-1;-1;-1;63004;0000000000000000;
10200;Ash of War: Piercing Fang;0;0;000000;8302;0;20;-1;-1;-1;710600;102;0;300;0;351020;-1;-1;1;1;1;1;1;1;1;1;1;1;1;1;1;0;0;0;2;0;0;0;0;0;0;0;0;1;1;1;0;2;1;0;2;0000;0;1;1;0;0;0;1;1;1;1;0;0;0;0;0;1;0;1;1;0;0;0;0;0;0;0;0;0;0;0;0;0;0;0;0;0;0;000000;-1;-1;-1;-1;-1;63001;0000000000000000;
10300;Ash of War: Spinning Slash;1;0;000000;8303;0;20;-1;-1;-1;710600;103;0;300;0;351000;-1;-1;1;1;1;1;1;1;1;1;1;1;1;1;1;0;0;0;1;0;0;0;0;0;0;0;0;1;1;1;0;2;1;0;2;0000;1;1;1;0;1;1;1;1;0;0;1;1;0;0;0;1;0;1;1;1;0;0;0;0;0;0;0;0;0;0;0;0;0;0;0;0;0;000000;-1;-1;-1;-1;-1;63002;0000000000000000;
10500;Ash of War: Charge Forth;1;0;000000;8304;0;30;-1;-1;-1;710600;105;0;300;0;352010;-1;-1;1;1;1;1;1;1;1;1;1;1;1;1;1;0;0;0;1;0;0;0;0;0;0;0;0;1;1;1;0;2;1;0;3;0000;0;0;0;0;0;0;0;1;0;1;0;0;0;0;0;1;0;1;1;0;0;0;0;0;0;0;0;0;0;0;0;0;0;0;0;0;0;000000;-1;-1;-1;-1;-1;63013;0000000000000000;
10600;Ash of War: Stamp (Upward Cut);1;0;000000;8305;0;10;-1;-1;-1;710600;106;0;300;0;350000;-1;-1;1;1;1;1;1;1;1;1;1;1;1;1;1;0;0;0;1;0;0;0;0;0;0;0;0;1;1;1;0;2;1;0;1;0000;0;0;1;1;0;1;0;0;0;1;1;1;1;1;1;0;0;0;0;0;0;0;0;1;0;0;0;0;0;0;0;0;0;0;0;0;0;000000;-1;-1;-1;-1;-1;63003;0000000000000000;
10700;Ash of War: Stamp (Sweep);1;0;000000;8306;0;10;-1;-1;-1;710600;107;0;300;0;350010;-1;-1;1;1;1;1;1;1;1;1;1;1;1;1;1;0;0;0;1;0;0;0;0;0;0;0;0;1;1;1;0;2;1;0;1;0000;0;0;1;1;0;1;0;0;0;1;1;1;1;1;1;0;0;0;0;0;0;0;0;1;0;0;0;0;0;0;0;0;0;0;0;0;0;000000;-1;-1;-1;-1;-1;63003;0000000000000000;
10800;Ash of War: Blood Tax;1;0;000000;8307;0;90;-1;-1;-1;710600;108;0;300;0;359020;-1;-1;1;1;1;1;0;0;0;0;0;0;1;1;1;0;0;0;2;0;0;0;0;0;0;0;0;1;1;1;0;2;1;0;11;0000;1;1;1;0;0;0;1;1;1;1;0;0;0;0;0;1;0;1;1;0;0;0;0;0;0;0;0;0;0;0;0;0;0;0;0;0;0;000000;-1;-1;-1;-1;-1;63004;0000000000000000;
10900;Ash of War: Repeating Thrust;0;0;000000;8308;0;20;-1;-1;-1;710600;109;0;300;0;351030;-1;-1;1;1;1;1;1;1;1;1;1;1;1;1;1;0;0;0;1;0;0;0;0;0;0;0;0;1;1;1;0;2;1;0;2;0000;1;1;1;0;0;0;1;1;1;1;0;0;0;0;0;1;0;1;1;0;0;0;0;0;0;0;0;0;0;0;0;0;0;0;0;0;0;000000;-1;-1;-1;-1;-1;63004;0000000000000000;
11000;Ash of War: Wild Strikes;1;0;000000;8309;0;10;-1;-1;-1;710600;110;0;300;0;350020;-1;-1;1;1;1;1;1;1;1;1;1;1;1;1;1;0;0;0;1;0;0;0;0;0;0;0;0;1;1;1;0;2;1;0;1;0000;0;0;1;0;1;1;0;0;0;0;1;1;1;1;1;0;0;0;0;0;0;0;0;0;0;0;0;0;0;0;0;0;0;0;0;0;0;000000;-1;-1;-1;-1;-1;63043;0000000000000000;
11100;Ash of War: Spinning Strikes;1;0;000000;8310;0;30;-1;-1;-1;710600;111;0;300;0;352020;-1;-1;1;1;1;1;1;1;1;1;1;1;1;1;1;0;0;0;1;0;0;0;0;0;0;0;0;1;1;1;0;2;1;0;3;0000;0;0;0;0;0;0;0;0;0;0;0;0;0;0;0;1;0;0;1;1;0;0;0;0;0;0;0;0;0;0;0;0;0;0;0;0;0;000000;-1;-1;-1;-1;-1;63025;0000000000000000;
11200;Ash of War: Double Slash;1;0;000000;8311;0;20;-1;-1;-1;710600;112;0;300;0;351040;-1;-1;1;1;1;1;1;1;1;1;1;1;1;1;1;0;0;0;1;0;0;0;0;0;0;0;0;1;1;1;0;2;1;0;2;0000;1;1;1;0;1;1;1;1;0;0;0;0;0;0;0;0;0;0;1;1;0;0;0;0;0;0;0;0;0;0;0;0;0;0;0;0;0;000000;-1;-1;-1;-1;-1;63006;0000000000000000;
11300;Ash of War: Prelate's Charge;1;0;000000;8312;0;50;-1;-1;-1;710600;113;0;300;0;355000;-1;-1;1;1;1;1;1;1;0;0;0;0;0;0;0;0;0;0;2;0;0;0;0;0;0;0;0;1;1;1;0;2;1;0;5;0000;0;0;0;0;0;0;0;0;0;0;0;1;0;1;0;0;0;0;0;0;0;0;0;1;0;0;0;0;0;0;0;0;0;0;0;0;0;000000;-1;-1;-1;-1;-1;63007;0000000000000000;
11400;Ash of War: Unsheathe;1;0;000000;8313;0;20;-1;-1;-1;710600;114;0;300;0;351060;-1;-1;1;1;1;1;1;1;1;1;1;1;1;1;1;0;0;0;1;0;0;0;0;0;0;0;0;1;1;1;0;2;1;0;2;0000;0;0;0;0;0;0;1;0;0;0;0;0;0;0;0;0;0;0;0;0;0;0;0;0;0;0;0;0;0;0;0;0;0;0;0;0;0;000000;-1;-1;-1;-1;-1;63008;0000000000000000;
11500;Ash of War: Square Off;1;0;000000;8314;0;30;-1;-1;-1;710600;115;0;300;0;352000;-1;-1;1;1;1;1;1;1;1;1;1;1;1;1;1;0;0;0;1;0;0;0;0;0;0;0;0;1;1;1;0;2;1;0;3;0000;0;1;0;0;0;0;0;0;0;0;0;0;0;0;0;0;0;0;0;0;0;0;0;0;0;0;0;0;0;0;0;0;0;0;0;0;0;000000;-1;-1;-1;-1;-1;63009;0000000000000000;
11600;Ash of War: Giant Hunt;1;0;000000;8315;0;30;-1;-1;-1;710600;116;0;300;0;352030;-1;-1;1;1;1;1;1;1;1;1;1;1;1;1;1;0;0;0;2;0;0;0;0;0;0;0;0;1;1;1;0;2;1;0;3;0000;0;0;1;1;0;0;0;1;0;1;0;0;0;0;0;1;0;1;1;0;0;0;0;0;0;0;0;0;0;0;0;0;0;0;0;0;0;000000;-1;-1;-1;-1;-1;63010;0000000000000000;
11800;Ash of War: Loretta's Slash;1;0;000000;8316;0;40;-1;-1;-1;710600;118;0;300;0;353060;-1;-1;1;1;1;1;0;0;0;0;1;1;0;0;0;0;0;0;2;0;0;0;0;0;0;0;0;1;1;1;0;2;1;0;8;0000;0;0;0;0;0;0;0;1;0;0;0;0;0;0;0;1;0;1;1;1;0;0;0;0;0;0;0;0;0;0;0;0;0;0;0;0;0;000000;-1;-1;-1;-1;-1;63024;0000000000000000;
11900;Ash of War: Poison Moth Flight;1;0;000000;8317;0;90;-1;-1;-1;710600;119;0;300;0;358010;-1;-1;1;1;1;1;0;0;0;0;0;0;1;1;1;0;0;0;2;0;0;0;0;0;0;0;0;1;1;1;0;2;1;0;10;0000;1;1;0;0;1;0;1;0;1;0;0;0;0;0;0;0;0;0;0;0;0;0;0;0;0;0;0;0;0;0;0;0;0;0;0;0;0;000000;-1;-1;-1;-1;-1;63011;0000000000000000;
12000;Ash of War: Spinning Weapon;1;0;000000;8318;0;40;-1;-1;-1;710600;120;0;300;0;353050;-1;-1;1;1;1;1;0;0;0;0;1;1;0;0;0;0;0;0;1;0;0;0;0;0;0;0;0;1;1;1;0;2;1;0;8;0000;1;1;0;0;1;0;1;1;1;0;1;0;1;0;1;1;0;0;1;1;0;0;0;0;0;0;0;0;0;1;0;0;0;0;0;0;0;000000;-1;-1;-1;-1;-1;63012;0000000000000000;
12200;Ash of War: Storm Assault;1;0;000000;8319;0;30;-1;-1;-1;710600;122;0;300;0;352050;-1;-1;1;1;1;1;1;1;1;1;1;1;1;1;1;0;0;0;1;0;0;0;0;0;0;0;0;1;1;1;0;2;1;0;3;0000;0;0;0;0;0;0;0;1;0;1;0;0;0;0;0;1;0;1;1;0;0;0;0;0;0;0;0;0;0;0;0;0;0;0;0;0;0;000000;-1;-1;-1;-1;-1;63013;0000000000000000;
12300;Ash of War: Stormcaller;1;0;000000;8320;0;30;-1;-1;-1;710600;123;0;300;0;352060;-1;-1;1;1;1;1;1;1;1;1;1;1;1;1;1;0;0;0;1;0;0;0;0;0;0;0;0;1;1;1;0;2;1;0;3;0000;0;1;1;0;1;1;1;1;0;0;1;1;1;1;1;1;0;1;1;1;0;0;0;0;0;0;0;0;0;0;0;0;0;0;0;0;0;000000;-1;-1;-1;-1;-1;63014;0000000000000000;
12400;Ash of War: Sword Dance;1;0;000000;8321;0;20;-1;-1;-1;710600;124;0;300;0;351050;-1;-1;1;1;1;1;1;1;1;1;1;1;1;1;1;0;0;0;1;0;0;0;0;0;0;0;0;1;1;1;0;2;1;0;2;0000;1;1;1;0;1;1;1;1;0;0;1;1;0;0;0;1;0;0;1;1;0;0;0;0;0;0;0;0;0;0;0;0;0;0;0;0;0;000000;-1;-1;-1;-1;-1;63015;0000000000000000;
20000;Ash of War: Glintblade Phalanx;0;0;000000;8330;0;40;-1;-1;-1;710600;200;0;300;0;353020;-1;-1;1;1;1;1;0;0;0;0;1;1;0;0;0;0;0;0;1;0;0;0;0;0;0;0;0;1;1;1;0;2;1;0;8;0000;1;1;1;0;1;1;1;1;1;1;0;0;0;0;0;1;0;1;1;0;0;0;0;0;0;0;0;0;0;0;0;0;0;0;0;0;0;000000;-1;-1;-1;-1;-1;63037;0000000000000000;
20100;Ash of War: Sacred Blade;1;0;000000;8331;0;80;-1;-1;-1;710600;201;0;300;0;357000;-1;-1;1;1;1;1;0;0;1;1;0;0;0;0;0;0;0;0;1;0;0;0;0;0;0;0;0;1;1;1;0;2;1;0;7;0000;1;1;1;1;1;1;1;1;1;1;1;1;1;1;1;1;0;1;1;1;0;0;0;1;0;0;0;0;0;0;0;0;0;0;0;0;0;000000;-1;-1;-1;-1;-1;63044;0000000000000000;
20200;Ash of War: Ice Spear;1;0;000000;8332;0;90;-1;-1;-1;710600;202;0;300;0;360000;-1;-1;1;1;1;1;0;0;0;0;1;1;0;0;0;0;0;0;1;0;0;0;0;0;0;0;0;1;1;1;0;2;1;0;9;0000;0;0;0;0;0;0;0;1;0;0;0;0;0;0;0;1;0;1;1;0;0;0;0;0;0;0;0;0;0;0;0;0;0;0;0;0;0;000000;-1;-1;-1;-1;-1;63016;0000000000000000;
20300;Ash of War: Glintstone Pebble;1;0;000000;8333;0;40;-1;-1;-1;710600;203;0;300;0;353010;-1;-1;1;1;1;1;0;0;0;0;1;1;0;0;0;0;0;0;1;0;0;0;0;0;0;0;0;1;1;1;0;2;1;0;8;0000;1;1;1;0;1;1;1;1;1;1;0;0;0;0;0;1;0;1;1;0;0;0;0;0;0;0;0;0;0;0;0;0;0;0;0;0;0;000000;-1;-1;-1;-1;-1;63037;0000000000000000;
20400;Ash of War: Bloody Slash;1;0;000000;8334;0;90;-1;-1;-1;710600;204;0;300;0;359010;-1;-1;1;1;1;1;0;0;0;0;0;0;1;1;1;0;0;0;1;0;0;0;0;0;0;0;0;1;1;1;0;2;1;0;11;0000;1;1;1;0;1;1;1;1;1;1;0;0;0;0;0;0;0;0;0;0;0;0;0;0;0;0;0;0;0;0;0;0;0;0;0;0;0;000000;-1;-1;-1;-1;-1;63022;0000000000000000;
20500;Ash of War: Lifesteal Fist;1;0;000000;8335;0;120;-1;-1;-1;710600;205;0;300;0;361010;-1;-1;1;1;1;1;0;0;0;0;0;0;1;1;1;0;0;0;2;0;0;0;0;0;0;0;0;1;1;1;0;2;1;0;12;0000;0;0;0;0;0;0;0;0;0;0;0;0;0;0;0;0;0;0;0;0;1;1;0;0;0;0;0;0;0;0;0;0;0;0;0;0;0;000000;-1;-1;-1;-1;-1;63017;0000000000000000;
20700;Ash of War: Eruption;1;0;000000;8336;0;50;-1;-1;-1;710600;207;0;300;0;354020;-1;-1;1;1;1;1;1;1;0;0;0;0;0;0;0;0;0;0;1;0;0;0;0;0;0;0;0;1;1;1;0;2;1;0;4;0000;0;0;1;1;0;1;0;0;0;1;0;1;0;1;0;0;0;0;0;0;0;0;0;1;0;0;0;0;0;0;0;0;0;0;0;0;0;000000;-1;-1;-1;-1;-1;63039;0000000000000000;
20800;Ash of War: Prayerful Strike;1;0;000000;8337;0;80;-1;-1;-1;710600;208;0;300;0;357010;-1;-1;1;1;1;1;0;0;1;1;0;0;0;0;0;0;0;0;1;0;0;0;0;0;0;0;0;1;1;1;0;2;1;0;7;0000;0;0;0;0;0;0;0;0;0;0;1;1;1;1;1;0;0;0;0;0;0;0;0;1;0;0;0;0;0;0;0;0;0;0;0;0;0;000000;-1;-1;-1;-1;-1;63018;0000000000000000;
20900;Ash of War: Gravitas;0;0;000000;8338;0;40;-1;-1;-1;710600;209;0;300;0;353070;-1;-1;1;1;1;1;0;0;0;0;1;1;0;0;0;0;0;0;2;0;0;0;0;0;0;0;0;1;1;1;0;2;1;0;8;0000;0;1;1;1;1;1;1;1;1;1;1;1;1;1;1;1;0;1;1;1;0;0;0;1;0;0;0;0;0;0;0;0;0;0;0;0;0;000000;-1;-1;-1;-1;-1;63019;0000000000000000;
21000;Ash of War: Storm Blade;0;0;000000;8339;0;30;-1;-1;-1;710600;210;0;300;0;352040;-1;-1;1;1;1;1;1;1;1;1;1;1;1;1;1;0;0;0;1;0;0;0;0;0;0;0;0;1;1;1;0;2;1;0;3;0000;1;1;1;0;1;1;1;0;1;1;0;0;0;0;0;0;0;0;0;0;0;0;0;0;0;0;0;0;0;0;0;0;0;0;0;0;0;000000;-1;-1;-1;-1;-1;63020;0000000000000000;
21200;Ash of War: Earthshaker;1;0;000000;8340;0;10;-1;-1;-1;710600;212;0;300;0;350080;-1;-1;1;1;1;1;1;1;1;1;1;1;1;1;1;0;0;0;1;0;0;0;0;0;0;0;0;1;1;1;0;2;1;0;1;0000;0;0;0;1;0;0;0;0;0;0;0;1;0;1;0;0;0;1;0;0;0;0;0;1;0;0;0;0;0;0;0;0;0;0;0;0;0;000000;-1;-1;-1;-1;-1;63035;0000000000000000;
21300;Ash of War: Golden Land;1;0;000000;8341;0;80;-1;-1;-1;710600;213;0;300;0;357050;-1;-1;1;1;1;1;0;0;1;1;0;0;0;0;0;0;0;0;2;0;0;0;0;0;0;0;0;1;1;1;0;2;1;0;7;0000;0;0;0;1;0;0;0;0;0;0;0;1;0;1;0;0;0;1;0;0;0;0;0;1;0;0;0;0;0;0;0;0;0;0;0;0;0;000000;-1;-1;-1;-1;-1;63035;0000000000000000;
21400;Ash of War: Flaming Strike;1;0;000000;8342;0;50;-1;-1;-1;710600;214;0;300;0;354000;-1;-1;1;1;1;1;1;1;0;0;0;0;0;0;0;0;0;0;1;0;0;0;0;0;0;0;0;1;1;1;0;2;1;0;4;0000;1;1;1;0;1;1;1;1;1;1;1;1;1;1;1;1;0;1;1;1;1;1;0;0;0;0;0;0;0;0;0;0;0;0;0;0;0;000000;-1;-1;-1;-1;-1;63045;0000000000000000;
21600;Ash of War: Thunderbolt;0;0;000000;8343;0;50;-1;-1;-1;710600;216;0;300;0;356000;-1;-1;1;1;1;1;0;0;1;1;0;0;0;0;0;0;0;0;1;0;0;0;0;0;0;0;0;1;1;1;0;2;1;0;6;0000;1;1;1;1;1;1;1;1;1;1;1;1;1;1;1;1;0;1;1;1;1;1;1;1;0;0;0;0;0;0;0;0;0;0;0;0;0;000000;-1;-1;-1;-1;-1;63042;0000000000000000;
21700;Ash of War: Lightning Slash;1;0;000000;8344;0;50;-1;-1;-1;710600;217;0;300;0;356010;-1;-1;1;1;1;1;0;0;1;1;0;0;0;0;0;0;0;0;1;0;0;0;0;0;0;0;0;1;1;1;0;2;1;0;6;0000;1;1;1;1;1;1;1;1;1;1;1;1;1;1;1;0;0;0;0;0;0;0;0;1;0;0;0;0;0;0;0;0;0;0;0;0;0;000000;-1;-1;-1;-1;-1;63021;0000000000000000;
21800;Ash of War: Carian Grandeur;1;0;000000;8345;0;40;-1;-1;-1;710600;218;0;300;0;353040;-1;-1;1;1;1;1;0;0;0;0;1;1;0;0;0;0;0;0;2;0;0;0;0;0;0;0;0;1;1;1;0;2;1;0;8;0000;1;1;1;0;1;1;1;1;1;1;0;0;0;0;0;0;0;0;0;0;0;0;0;0;0;0;0;0;0;0;0;0;0;0;0;0;0;000000;-1;-1;-1;-1;-1;63022;0000000000000000;
21900;Ash of War: Carian Greatsword;0;0;000000;8346;0;40;-1;-1;-1;710600;219;0;300;0;353030;-1;-1;1;1;1;1;0;0;0;0;1;1;0;0;0;0;0;0;1;0;0;0;0;0;0;0;0;1;1;1;0;2;1;0;8;0000;1;1;1;0;1;1;1;1;1;1;0;0;0;0;0;0;0;0;0;0;0;0;0;0;0;0;0;0;0;0;0;0;0;0;0;0;0;000000;-1;-1;-1;-1;-1;63022;0000000000000000;
22000;Ash of War: Vacuum Slice;1;0;000000;8347;0;30;-1;-1;-1;710600;220;0;300;0;352080;-1;-1;1;1;1;1;1;1;1;1;1;1;1;1;1;0;0;0;2;0;0;0;0;0;0;0;0;1;1;1;0;2;1;0;3;0000;1;1;1;1;1;1;1;1;1;1;1;1;0;0;0;0;0;0;0;0;0;0;0;0;0;0;0;0;0;0;0;0;0;0;0;0;0;000000;-1;-1;-1;-1;-1;63023;0000000000000000;
22100;Ash of War: Black Flame Tornado;1;0;000000;8348;0;50;-1;-1;-1;710600;221;0;300;0;355010;-1;-1;1;1;1;1;1;1;0;0;0;0;0;0;0;0;0;0;2;0;0;0;0;0;0;0;0;1;1;1;0;2;1;0;5;0000;0;0;0;0;0;0;0;1;0;0;0;0;0;0;0;1;0;1;1;1;0;0;0;0;0;0;0;0;0;0;0;0;0;0;0;0;0;000000;-1;-1;-1;-1;-1;63024;0000000000000000;
22200;Ash of War: Sacred Ring of Light;1;0;000000;8349;0;80;-1;-1;-1;710600;222;0;300;0;357020;-1;-1;1;1;1;1;0;0;1;1;0;0;0;0;0;0;0;0;1;0;0;0;0;0;0;0;0;1;1;1;0;2;1;0;7;0000;0;0;0;0;0;0;0;0;0;0;0;0;0;0;0;1;0;0;1;1;0;0;0;0;0;0;0;0;0;0;0;0;0;0;0;0;0;000000;-1;-1;-1;-1;-1;63025;0000000000000000;
22400;Ash of War: Blood Blade;1;0;000000;8350;0;90;-1;-1;-1;710600;224;0;300;0;359000;-1;-1;1;1;1;1;0;0;0;0;0;0;1;1;1;0;0;0;1;0;0;0;0;0;0;0;0;1;1;1;0;2;1;0;11;0000;1;1;0;0;1;0;1;1;1;0;0;0;0;0;0;0;0;0;0;0;0;0;0;0;0;0;0;0;0;0;0;0;0;0;0;0;0;000000;-1;-1;-1;-1;-1;63026;0000000000000000;
22500;Ash of War: Phantom Slash;1;0;000000;8351;0;30;-1;-1;-1;710600;225;0;300;0;352090;-1;-1;1;1;1;1;1;1;1;1;1;1;1;1;1;0;0;0;2;0;0;0;0;0;0;0;0;1;1;1;0;2;1;0;3;0000;0;0;0;0;0;0;0;1;0;0;0;0;0;0;0;1;0;0;1;1;0;0;0;0;0;0;0;0;0;0;0;0;0;0;0;0;0;000000;-1;-1;-1;-1;-1;63027;0000000000000000;
22600;Ash of War: Spectral Lance;1;0;000000;8352;0;120;-1;-1;-1;710600;226;0;300;0;361000;-1;-1;1;1;1;1;0;0;0;0;0;0;1;1;1;0;0;0;1;0;0;0;0;0;0;0;0;1;1;1;0;2;1;0;12;0000;0;0;0;0;0;0;0;0;0;0;0;0;0;0;0;1;0;1;1;0;0;0;0;0;0;0;0;0;0;0;0;0;0;0;0;0;0;000000;-1;-1;-1;-1;-1;63028;0000000000000000;
22700;Ash of War: Chilling Mist;1;0;000000;8353;0;90;-1;-1;-1;710600;227;0;300;0;360010;-1;-1;1;1;1;1;0;0;0;0;1;1;0;0;0;0;0;0;1;0;0;0;0;0;0;0;0;1;1;1;0;2;1;0;9;0000;1;1;1;1;1;1;1;1;1;1;1;1;1;1;1;1;0;1;1;1;0;0;0;1;0;0;0;0;0;0;0;0;0;0;0;0;0;000000;-1;-1;-1;-1;-1;63044;0000000000000000;
22800;Ash of War: Poisonous Mist;1;0;000000;8354;0;90;-1;-1;-1;710600;228;0;300;0;358000;-1;-1;1;1;1;1;0;0;0;0;0;0;1;1;1;0;0;0;1;0;0;0;0;0;0;0;0;1;1;1;0;2;1;0;10;0000;1;1;1;1;1;1;1;1;1;1;1;1;1;1;1;1;0;1;1;1;0;0;0;1;0;0;0;0;0;0;0;0;0;0;0;0;0;000000;-1;-1;-1;-1;-1;63044;0000000000000000;
30000;Ash of War: Shield Bash;1;0;000000;8360;0;140;-1;-1;-1;710600;300;0;300;0;363030;-1;-1;1;1;1;1;1;1;1;1;1;1;1;1;1;0;0;0;1;0;0;0;0;0;0;0;0;1;1;1;0;2;1;0;0;0000;0;0;0;0;0;0;0;0;0;0;0;0;0;0;0;0;0;0;0;0;0;0;0;0;0;0;0;0;0;0;0;0;1;1;1;0;0;000000;-1;-1;-1;-1;-1;63041;0000000000000000;
30100;Ash of War: Barricade Shield;0;0;000000;8361;0;140;-1;-1;-1;710600;301;0;300;0;363050;-1;-1;1;1;1;1;1;1;1;1;1;1;1;1;1;0;0;0;1;0;0;0;0;0;0;0;0;1;1;1;0;2;1;0;0;0000;0;0;0;0;0;0;0;0;0;0;0;0;0;0;0;0;0;0;0;0;0;0;0;0;0;0;0;0;0;0;0;0;1;1;1;0;0;000000;-1;-1;-1;-1;-1;63041;0000000000000000;
30200;Ash of War: Parry;1;0;000000;8362;0;140;-1;-1;-1;710600;302;0;300;0;363000;-1;-1;1;1;1;1;1;1;1;1;1;1;1;1;1;0;0;0;1;0;0;0;0;0;0;0;0;1;1;1;0;2;1;0;0;0000;1;0;0;0;1;0;0;0;1;0;0;0;0;0;0;0;0;0;0;0;1;1;0;0;0;0;0;0;0;0;0;0;1;1;0;0;0;000000;-1;-1;-1;-1;-1;63047;0000000000000000;
30500;Ash of War: Carian Retaliation;1;0;000000;8363;0;140;-1;-1;-1;710600;305;0;300;0;363070;-1;-1;1;1;1;1;0;0;0;0;1;1;0;0;0;0;0;0;1;0;0;0;0;0;0;0;0;1;1;1;0;2;1;0;8;0000;0;0;0;0;0;0;0;0;0;0;0;0;0;0;0;0;0;0;0;0;0;0;0;0;0;0;0;0;0;0;0;0;1;1;0;0;0;000000;-1;-1;-1;-1;-1;63030;0000000000000000;
30600;Ash of War: Storm Wall;1;0;000000;8364;0;140;-1;-1;-1;710600;306;0;300;0;363020;-1;-1;1;1;1;1;1;1;1;1;1;1;1;1;1;0;0;0;1;0;0;0;0;0;0;0;0;1;1;1;0;2;1;0;0;0000;0;0;0;0;0;0;0;0;0;0;0;0;0;0;0;0;0;0;0;0;0;0;0;0;0;0;0;0;0;0;0;0;1;1;0;0;0;000000;-1;-1;-1;-1;-1;63030;0000000000000000;
30700;Ash of War: Golden Parry;1;0;000000;8365;0;140;-1;-1;-1;710600;307;0;300;0;363010;-1;-1;1;1;1;1;0;0;1;1;0;0;0;0;0;0;0;0;2;0;0;0;0;0;0;0;0;1;1;1;0;2;1;0;7;0000;0;0;0;0;0;0;0;0;0;0;0;0;0;0;0;0;0;0;0;0;0;0;0;0;0;0;0;0;0;0;0;0;1;1;0;0;0;000000;-1;-1;-1;-1;-1;63030;0000000000000000;
30800;Ash of War: Shield Crash;1;0;000000;8366;0;140;-1;-1;-1;710600;308;0;300;0;363040;-1;-1;1;1;1;1;1;1;1;1;1;1;1;1;1;0;0;0;1;0;0;0;0;0;0;0;0;1;1;1;0;2;1;0;0;0000;0;0;0;0;0;0;0;0;0;0;0;0;0;0;0;0;0;0;0;0;0;0;0;0;0;0;0;0;0;0;0;0;1;1;1;0;0;000000;-1;-1;-1;-1;-1;63041;0000000000000000;
30900;Ash of War: No Skill;1;0;000000;8367;0;140;-1;-1;-1;710600;10;0;300;0;363080;-1;-1;1;1;1;1;1;1;1;1;1;1;1;1;1;0;0;0;1;0;0;0;0;0;0;0;0;1;1;1;0;2;1;0;0;0000;0;0;0;0;0;0;0;0;0;0;0;0;0;0;0;0;0;0;0;0;0;0;0;0;0;0;0;0;0;0;0;0;1;1;1;1;0;000000;-1;-1;-1;-1;-1;63031;0000000000000000;
31000;Ash of War: Thops's Barrier;1;0;000000;8368;0;140;-1;-1;-1;710600;309;0;300;0;363060;-1;-1;1;1;1;1;0;0;0;0;1;1;0;0;0;0;0;0;2;0;0;0;0;0;0;0;0;1;1;1;0;2;1;0;8;0000;0;0;0;0;0;0;0;0;0;0;0;0;0;0;0;0;0;0;0;0;0;0;0;0;0;0;0;0;0;0;0;0;1;1;0;0;0;000000;-1;-1;-1;-1;-1;63030;0000000000000000;
40000;Ash of War: Through and Through;1;0;000000;8380;0;130;-1;-1;-1;710600;400;0;300;0;362010;-1;-1;1;0;0;0;0;0;0;0;0;0;0;0;0;0;0;0;1;0;0;0;0;0;0;0;0;1;1;1;0;2;1;0;0;0000;0;0;0;0;0;0;0;0;0;0;0;0;0;0;0;0;0;0;0;0;0;0;0;0;0;0;1;0;0;0;0;0;0;0;0;0;0;000000;-1;-1;-1;-1;-1;63032;0000000000000000;
40100;Ash of War: Barrage;1;0;000000;8381;0;130;-1;-1;-1;710600;401;0;300;0;362020;-1;-1;1;0;0;0;0;0;0;0;0;0;0;0;0;0;0;0;1;0;0;0;0;0;0;0;0;1;1;1;0;2;1;0;0;0000;0;0;0;0;0;0;0;0;0;0;0;0;0;0;0;0;0;0;0;0;0;0;0;0;1;0;0;0;0;0;0;0;0;0;0;0;0;000000;-1;-1;-1;-1;-1;63048;0000000000000000;
40200;Ash of War: Mighty Shot;1;0;000000;8382;0;130;-1;-1;-1;710600;402;0;300;0;362000;-1;-1;1;0;0;0;0;0;0;0;0;0;0;0;0;0;0;0;1;0;0;0;0;0;0;0;0;1;1;1;0;2;1;0;0;0000;0;0;0;0;0;0;0;0;0;0;0;0;0;0;0;0;0;0;0;0;0;0;0;0;1;1;0;0;0;0;0;0;0;0;0;0;0;000000;-1;-1;-1;-1;-1;63033;0000000000000000;
40400;Ash of War: Enchanted Shot;1;0;000000;8383;0;130;-1;-1;-1;710600;404;0;300;0;362040;-1;-1;1;0;0;0;0;0;0;0;0;0;0;0;0;0;0;0;1;0;0;0;0;0;0;0;0;1;1;1;0;2;1;0;0;0000;0;0;0;0;0;0;0;0;0;0;0;0;0;0;0;0;0;0;0;0;0;0;0;0;1;1;0;0;0;0;0;0;0;0;0;0;0;000000;-1;-1;-1;-1;-1;63033;0000000000000000;
40500;Ash of War: Sky Shot;1;0;000000;8384;0;130;-1;-1;-1;710600;405;0;300;0;362030;-1;-1;1;0;0;0;0;0;0;0;0;0;0;0;0;0;0;0;1;0;0;0;0;0;0;0;0;1;1;1;0;2;1;0;0;0000;0;0;0;0;0;0;0;0;0;0;0;0;0;0;0;0;0;0;0;0;0;0;0;0;1;1;0;0;0;0;0;0;0;0;0;0;0;000000;-1;-1;-1;-1;-1;63033;0000000000000000;
40600;Ash of War: Rain of Arrows;1;0;000000;8385;0;130;-1;-1;-1;710600;406;0;300;0;362050;-1;-1;1;0;0;0;0;0;0;0;0;0;0;0;0;0;0;0;2;0;0;0;0;0;0;0;0;1;1;1;0;2;1;0;0;0000;0;0;0;0;0;0;0;0;0;0;0;0;0;0;0;0;0;0;0;0;0;0;0;0;1;1;1;0;0;0;0;0;0;0;0;0;0;000000;-1;-1;-1;-1;-1;63034;0000000000000000;
50100;Ash of War: Hoarfrost Stomp;1;0;000000;8400;0;90;-1;-1;-1;710600;501;0;300;0;360020;-1;-1;1;1;1;1;0;0;0;0;1;1;0;0;0;0;0;0;1;0;0;0;0;0;0;0;0;1;1;1;0;2;1;0;9;0000;1;1;1;1;1;1;1;1;1;1;1;1;1;1;1;1;0;1;1;1;1;1;1;1;0;0;0;0;0;0;0;0;0;0;0;0;0;000000;-1;-1;-1;-1;-1;63042;0000000000000000;
50200;Ash of War: Storm Stomp;0;0;000000;8401;0;30;-1;-1;-1;710600;502;0;300;0;352070;-1;-1;1;1;1;1;1;1;1;1;1;1;1;1;1;0;0;0;1;0;0;0;0;0;0;0;0;1;1;1;0;2;1;0;3;0000;1;1;1;1;1;1;1;1;1;1;1;1;1;1;1;1;0;1;1;1;1;1;1;1;0;0;0;0;0;0;0;0;0;0;0;0;0;000000;-1;-1;-1;-1;-1;63042;0000000000000000;
50300;Ash of War: Kick;1;0;000000;8402;0;10;-1;-1;-1;710600;503;0;300;0;350050;-1;-1;1;1;1;1;1;1;1;1;1;1;1;1;1;0;0;0;1;0;0;0;0;0;0;0;0;1;1;1;0;2;1;0;1;0000;1;1;1;1;1;1;1;1;1;1;1;1;1;1;1;1;0;1;1;1;1;1;1;1;0;0;0;0;0;0;0;0;0;0;0;0;0;000000;-1;-1;-1;-1;-1;63042;0000000000000000;
50400;Ash of War: Lightning Ram;1;0;000000;8403;0;50;-1;-1;-1;710600;504;0;300;0;356020;-1;-1;1;1;1;1;0;0;1;1;0;0;0;0;0;0;0;0;1;0;0;0;0;0;0;0;0;1;1;1;0;2;1;0;6;0000;1;1;1;1;1;1;1;1;1;1;1;1;1;1;1;1;0;1;1;1;1;1;1;1;0;0;0;0;0;0;0;0;0;0;0;0;0;000000;-1;-1;-1;-1;-1;63042;0000000000000000;
50500;Ash of War: Flame of the Redmanes;1;0;000000;8404;0;50;-1;-1;-1;710600;505;0;300;0;354010;-1;-1;1;1;1;1;1;1;0;0;0;0;0;0;0;0;0;0;1;0;0;0;0;0;0;0;0;1;1;1;0;2;1;0;4;0000;1;1;1;1;1;1;1;1;1;1;1;1;1;1;1;1;0;1;1;1;1;1;1;1;0;0;0;0;0;0;0;0;0;0;0;0;0;000000;-1;-1;-1;-1;-1;63042;0000000000000000;
50600;Ash of War: Ground Slam;1;0;000000;8405;0;10;-1;-1;-1;710600;506;0;300;0;350070;-1;-1;1;1;1;1;1;1;1;1;1;1;1;1;1;0;0;0;1;0;0;0;0;0;0;0;0;1;1;1;0;2;1;0;1;0000;1;1;1;1;1;1;1;1;1;1;1;1;1;1;1;1;0;1;1;1;1;1;1;1;0;0;0;0;0;0;0;0;0;0;0;0;0;000000;-1;-1;-1;-1;-1;63042;0000000000000000;
50700;Ash of War: Golden Slam;1;0;000000;8406;0;80;-1;-1;-1;710600;507;0;300;0;357060;-1;-1;1;1;1;1;0;0;1;1;0;0;0;0;0;0;0;0;2;0;0;0;0;0;0;0;0;1;1;1;0;2;1;0;7;0000;1;1;1;1;1;1;1;1;1;1;1;1;1;1;1;1;0;1;1;1;1;1;1;1;0;0;0;0;0;0;0;0;0;0;0;0;0;000000;-1;-1;-1;-1;-1;63042;0000000000000000;
50800;Ash of War: Waves of Darkness;1;0;000000;8407;0;40;-1;-1;-1;710600;508;0;300;0;353070;-1;-1;1;1;1;1;0;0;0;0;1;1;0;0;0;0;0;0;3;0;0;0;0;0;0;0;0;1;1;1;0;2;1;0;8;0000;0;0;0;1;0;0;0;0;0;0;0;1;0;1;0;0;0;1;0;0;0;0;0;1;0;0;0;0;0;0;0;0;0;0;0;0;0;000000;-1;-1;-1;-1;-1;63035;0000000000000000;
50900;Ash of War: Hoarah Loux's Earthshaker;1;0;000000;8408;0;10;-1;-1;-1;710600;509;0;300;0;350090;-1;-1;1;1;1;1;1;1;1;1;1;1;1;1;1;0;0;0;3;0;0;0;0;0;0;0;0;1;1;1;0;2;1;0;1;0000;1;1;1;1;1;1;1;1;1;1;1;1;1;1;1;1;0;1;1;1;1;1;1;1;0;0;0;0;0;0;0;0;0;0;0;0;0;000000;-1;-1;-1;-1;-1;63042;0000000000000000;
60000;Ash of War: Determination;0;0;000000;8420;0;30;-1;-1;-1;710600;600;0;300;0;352100;-1;-1;1;1;1;1;1;1;1;1;1;1;1;1;1;0;0;0;1;0;0;0;0;0;0;0;0;1;1;1;0;2;1;0;3;0000;1;1;1;1;1;1;1;1;1;1;1;1;1;1;1;1;0;1;1;1;1;1;1;1;0;0;0;0;0;0;0;0;0;0;0;0;0;000000;-1;-1;-1;-1;-1;63042;0000000000000000;
60100;Ash of War: Royal Knight's Resolve;1;0;000000;8421;0;30;-1;-1;-1;710600;601;0;300;0;352110;-1;-1;1;1;1;1;1;1;1;1;1;1;1;1;1;0;0;0;2;0;0;0;0;0;0;0;0;1;1;1;0;2;1;0;3;0000;1;1;1;1;1;1;1;1;1;1;1;1;1;1;1;1;0;1;1;1;1;1;1;1;0;0;0;0;0;0;0;0;0;0;0;0;0;000000;-1;-1;-1;-1;-1;63042;0000000000000000;
60200;Ash of War: Assassin's Gambit;1;0;000000;8422;0;120;-1;-1;-1;710600;602;0;300;0;361030;-1;-1;1;1;1;1;0;0;0;0;0;0;1;1;1;0;0;0;1;0;0;0;0;0;0;0;0;1;1;1;0;2;1;0;12;0000;1;1;0;0;0;0;1;1;1;0;0;0;0;0;0;0;0;0;0;0;0;0;0;0;0;0;0;0;0;0;0;0;0;0;0;0;0;000000;-1;-1;-1;-1;-1;63036;0000000000000000;
60300;Ash of War: Golden Vow;1;0;000000;8423;0;80;-1;-1;-1;710600;603;0;300;0;357070;-1;-1;1;1;1;1;0;0;1;1;0;0;0;0;0;0;0;0;2;0;0;0;0;0;0;0;0;1;1;1;0;2;1;0;7;0000;1;1;1;1;1;1;1;1;1;1;1;1;1;1;1;1;0;1;1;1;1;1;1;1;0;0;0;0;0;0;0;0;0;0;0;0;0;000000;-1;-1;-1;-1;-1;63042;0000000000000000;
60400;Ash of War: Sacred Order;1;0;000000;8424;0;80;-1;-1;-1;710600;604;0;300;0;357030;-1;-1;1;1;1;1;0;0;1;1;0;0;0;0;0;0;0;0;1;0;0;0;0;0;0;0;0;1;1;1;0;2;1;0;7;0000;1;1;1;1;1;1;1;1;1;1;1;1;1;1;1;1;0;1;1;1;1;1;1;1;0;0;0;0;0;0;0;0;0;0;0;0;0;000000;-1;-1;-1;-1;-1;63042;0000000000000000;
60500;Ash of War: Shared Order;1;0;000000;8425;0;80;-1;-1;-1;710600;605;0;300;0;357040;-1;-1;1;1;1;1;0;0;1;1;0;0;0;0;0;0;0;0;2;0;0;0;0;0;0;0;0;1;1;1;0;2;1;0;7;0000;1;1;1;1;1;1;1;1;1;1;1;1;1;1;1;1;0;1;1;1;1;1;1;1;0;0;0;0;0;0;0;0;0;0;0;0;0;000000;-1;-1;-1;-1;-1;63042;0000000000000000;
60600;Ash of War: Seppuku;1;0;000000;8426;0;90;-1;-1;-1;710600;606;0;300;0;359030;-1;-1;1;1;1;1;0;0;0;0;0;0;1;1;1;0;0;0;1;0;0;0;0;0;0;0;0;1;1;1;0;2;1;0;11;0000;0;1;1;0;1;1;1;1;1;1;0;0;0;0;0;1;0;1;1;0;0;0;0;0;0;0;0;0;0;0;0;0;0;0;0;0;0;000000;-1;-1;-1;-1;-1;63046;0000000000000000;
60700;Ash of War: Cragblade;1;0;000000;8427;0;10;-1;-1;-1;710600;607;0;300;0;350040;-1;-1;1;1;1;1;1;1;1;1;1;1;1;1;1;0;0;0;2;0;0;0;0;0;0;0;0;1;1;1;0;2;1;0;1;0000;1;1;1;1;1;1;1;1;1;1;1;1;1;1;1;1;0;1;1;1;1;1;0;1;0;0;0;0;0;0;0;0;0;0;0;0;0;000000;-1;-1;-1;-1;-1;63038;0000000000000000;
65000;Ash of War: Barbaric Roar;1;0;000000;8440;0;10;-1;-1;-1;710600;650;0;300;0;350110;-1;-1;1;1;1;1;1;1;1;1;1;1;1;1;1;0;0;0;1;0;0;0;0;0;0;0;0;1;1;1;0;2;1;0;1;0000;0;1;1;1;1;1;1;1;0;0;1;1;1;1;1;1;0;1;1;1;1;1;0;1;0;0;0;0;0;0;0;0;0;0;0;0;0;000000;-1;-1;-1;-1;-1;63040;0000000000000000;
65100;Ash of War: War Cry;1;0;000000;8441;0;10;-1;-1;-1;710600;651;0;300;0;350100;-1;-1;1;1;1;1;1;1;1;1;1;1;1;1;1;0;0;0;1;0;0;0;0;0;0;0;0;1;1;1;0;2;1;0;1;0000;0;1;1;1;1;1;1;1;0;0;1;1;1;1;1;1;0;1;1;1;1;1;0;1;0;0;0;0;0;0;0;0;0;0;0;0;0;000000;-1;-1;-1;-1;-1;63040;0000000000000000;
65200;Ash of War: Beast's Roar;1;0;000000;8442;0;20;-1;-1;-1;710600;652;0;300;0;351100;-1;-1;1;1;1;1;1;1;1;1;1;1;1;1;1;0;0;0;2;0;0;0;0;0;0;0;0;1;1;1;0;2;1;0;2;0000;1;1;1;1;1;1;1;1;1;1;1;1;1;1;1;1;0;1;1;1;1;1;1;1;0;0;0;0;0;0;0;0;0;0;0;0;0;000000;-1;-1;-1;-1;-1;63042;0000000000000000;
65300;Ash of War: Troll's Roar;1;0;000000;8443;0;10;-1;-1;-1;710600;653;0;300;0;350130;-1;-1;1;1;1;1;1;1;1;1;1;1;1;1;1;0;0;0;2;0;0;0;0;0;0;0;0;1;1;1;0;2;1;0;1;0000;0;0;1;1;0;1;0;0;0;1;0;1;0;1;0;0;0;0;0;0;0;0;0;1;0;0;0;0;0;0;0;0;0;0;0;0;0;000000;-1;-1;-1;-1;-1;63039;0000000000000000;
65400;Ash of War: Braggart's Roar;1;0;000000;8444;0;10;-1;-1;-1;710600;654;0;300;0;350120;-1;-1;1;1;1;1;1;1;1;1;1;1;1;1;1;0;0;0;1;0;0;0;0;0;0;0;0;1;1;1;0;2;1;0;1;0000;0;1;1;1;1;1;1;1;0;0;1;1;1;1;1;1;0;1;1;1;1;1;0;1;0;0;0;0;0;0;0;0;0;0;0;0;0;000000;-1;-1;-1;-1;-1;63040;0000000000000000;
70000;Ash of War: Endure;1;0;000000;8460;0;10;-1;-1;-1;710600;700;0;300;0;350060;-1;-1;1;1;1;1;1;1;1;1;1;1;1;1;1;0;0;0;1;0;0;0;0;0;0;0;0;1;1;1;0;2;1;0;1;0000;1;1;1;1;1;1;1;1;1;1;1;1;1;1;1;1;0;1;1;1;1;1;1;1;0;0;0;0;0;0;0;0;0;0;0;0;0;000000;-1;-1;-1;-1;-1;63042;0000000000000000;
70100;Ash of War: Vow of the Indomitable;1;0;000000;8461;0;80;-1;-1;-1;710600;701;0;300;0;357080;-1;-1;1;1;1;1;0;0;1;1;0;0;0;0;0;0;0;0;1;0;0;0;0;0;0;0;0;1;1;1;0;2;1;0;7;0000;0;0;0;0;0;0;0;0;0;0;0;0;0;0;0;0;0;0;0;0;0;0;0;0;0;0;0;0;0;0;0;0;1;1;1;0;0;000000;-1;-1;-1;-1;-1;63041;0000000000000000;
70200;Ash of War: Holy Ground;0;0;000000;8462;0;80;-1;-1;-1;710600;702;0;300;0;357090;-1;-1;1;1;1;1;0;0;1;1;0;0;0;0;0;0;0;0;2;0;0;0;0;0;0;0;0;1;1;1;0;2;1;0;7;0000;0;0;0;0;0;0;0;0;0;0;0;0;0;0;0;0;0;0;0;0;0;0;0;0;0;0;0;0;0;0;0;0;1;1;1;0;0;000000;-1;-1;-1;-1;-1;63041;0000000000000000;
80000;Ash of War: Quickstep;1;0;000000;8480;0;20;-1;-1;-1;710600;800;0;300;0;351070;-1;-1;1;1;1;1;1;1;1;1;1;1;1;1;1;0;0;0;1;0;0;0;0;0;0;0;0;1;1;1;0;2;1;0;2;0000;1;1;1;1;1;1;1;1;1;1;1;1;1;1;1;1;0;1;1;1;1;1;1;1;0;0;0;0;0;0;0;0;0;0;0;0;0;000000;-1;-1;-1;-1;-1;63042;0000000000000000;
80100;Ash of War: Bloodhound's Step;1;0;000000;8481;0;20;-1;-1;-1;710600;801;0;300;0;351080;-1;-1;1;1;1;1;1;1;1;1;1;1;1;1;1;0;0;0;2;0;0;0;0;0;0;0;0;1;1;1;0;2;1;0;2;0000;1;1;1;1;1;1;1;1;1;1;1;1;1;1;1;1;0;1;1;1;1;1;1;1;0;0;0;0;0;0;0;0;0;0;0;0;0;000000;-1;-1;-1;-1;-1;63042;0000000000000000;
80200;Ash of War: Raptor of the Mists;1;0;000000;8482;0;20;-1;-1;-1;710600;802;0;300;0;351090;-1;-1;1;1;1;1;1;1;1;1;1;1;1;1;1;0;0;0;2;0;0;0;0;0;0;0;0;1;1;1;0;2;1;0;2;0000;1;1;1;1;1;1;1;1;1;1;1;1;1;1;1;1;0;1;1;1;1;1;1;1;0;0;0;0;0;0;0;0;0;0;0;0;0;000000;-1;-1;-1;-1;-1;63042;0000000000000000;
85000;Ash of War: White Shadow's Lure;1;0;000000;8490;0;120;-1;-1;-1;710600;850;0;300;0;361020;-1;-1;1;1;1;1;0;0;0;0;0;0;1;1;1;0;0;0;2;0;0;0;0;0;0;0;0;1;1;1;0;2;1;0;12;0000;1;1;1;1;1;1;1;1;1;1;1;1;1;1;1;1;0;1;1;1;1;1;1;1;0;0;0;0;0;0;0;0;0;0;0;0;0;000000;-1;-1;-1;-1;-1;63042;0000000000000000;
