﻿<?xml version="1.0" encoding="utf-8"?>
<fmg>
<compression>None</compression>
<version>DarkSouls3</version>
<bigendian>False</bigendian>
<entries>
<text id="1760">Found near the remains of fallen ruins</text>
<text id="11000">Temporarily raises max HP</text>
<text id="11001">Temporarily raises max stamina</text>
<text id="11002">Restores half of max HP</text>
<text id="11003">Restores half of max HP</text>
<text id="11004">Restores half of max FP</text>
<text id="11005">Restores half of max FP</text>
<text id="11006">Heals status and raises resistance</text>
<text id="11007">Restores HP when near death</text>
<text id="11008">Significantly negates damage received</text>
<text id="11009">Steadily restores HP for a time</text>
<text id="11010">Temporarily boosts stamina recovery speed</text>
<text id="11011">Temporarily boosts all damage negation</text>
<text id="11012">Temporarily reduces equip load</text>
<text id="11013">Temporarily boosts successive attack power</text>
<text id="11014">Temporarily boosts charged attack power</text>
<text id="11015">Temporarily increases rolling efficiency</text>
<text id="11016">Causes an explosion</text>
<text id="11017">Causes an explosion</text>
<text id="11018">Temporarily boosts stability</text>
<text id="11019">Temporarily stops rune loss on death</text>
<text id="11020">Converts damage received into HP</text>
<text id="11021">Temporarily boosts strength</text>
<text id="11022">Temporarily boosts dexterity</text>
<text id="11023">Temporarily boosts intelligence</text>
<text id="11024">Temporarily boosts faith</text>
<text id="11025">Eliminates all FP consumption</text>
<text id="11026">Temporarily makes stance break easier</text>
<text id="11027">Purifies the curse of the Lord of Blood</text>
<text id="11028">Temporarily boosts fire attacks</text>
<text id="11029">Temporarily boosts magic attacks</text>
<text id="11030">Temporarily boosts lightning attacks</text>
<text id="11031">Temporarily boosts holy attacks</text>
<text id="15000">Found by hunting herbivorous beasts</text>
<text id="15001">%null%</text>
<text id="15002">%null%</text>
<text id="15003">%null%</text>
<text id="15004">%null%</text>
<text id="15005">%null%</text>
<text id="15006">%null%</text>
<text id="15007">%null%</text>
<text id="15008">%null%</text>
<text id="15009">%null%</text>
<text id="15010">Found by hunting herbivorous beasts</text>
<text id="15011">%null%</text>
<text id="15012">%null%</text>
<text id="15013">%null%</text>
<text id="15014">%null%</text>
<text id="15015">%null%</text>
<text id="15016">%null%</text>
<text id="15017">%null%</text>
<text id="15018">%null%</text>
<text id="15019">%null%</text>
<text id="15020">Found by hunting carnivorous beasts</text>
<text id="15021">%null%</text>
<text id="15022">%null%</text>
<text id="15023">%null%</text>
<text id="15024">%null%</text>
<text id="15025">%null%</text>
<text id="15026">%null%</text>
<text id="15027">%null%</text>
<text id="15028">%null%</text>
<text id="15029">%null%</text>
<text id="15030">Found by hunting carnivorous beasts</text>
<text id="15031">%null%</text>
<text id="15032">%null%</text>
<text id="15033">%null%</text>
<text id="15034">%null%</text>
<text id="15035">%null%</text>
<text id="15036">%null%</text>
<text id="15037">%null%</text>
<text id="15038">%null%</text>
<text id="15039">%null%</text>
<text id="15040">Found by hunting carnivorous beasts</text>
<text id="15041">%null%</text>
<text id="15042">%null%</text>
<text id="15043">%null%</text>
<text id="15044">%null%</text>
<text id="15045">%null%</text>
<text id="15046">%null%</text>
<text id="15047">%null%</text>
<text id="15048">%null%</text>
<text id="15049">%null%</text>
<text id="15050">Found by hunting herbivorous beasts</text>
<text id="15051">%null%</text>
<text id="15052">%null%</text>
<text id="15053">%null%</text>
<text id="15054">%null%</text>
<text id="15055">%null%</text>
<text id="15056">%null%</text>
<text id="15057">%null%</text>
<text id="15058">%null%</text>
<text id="15059">%null%</text>
<text id="15060">Found by hunting birds</text>
<text id="15061">%null%</text>
<text id="15062">%null%</text>
<text id="15063">%null%</text>
<text id="15064">%null%</text>
<text id="15065">%null%</text>
<text id="15066">%null%</text>
<text id="15067">%null%</text>
<text id="15068">%null%</text>
<text id="15069">%null%</text>
<text id="15070">Sometimes found by hunting birds</text>
<text id="15071">%null%</text>
<text id="15072">%null%</text>
<text id="15073">%null%</text>
<text id="15074">%null%</text>
<text id="15075">%null%</text>
<text id="15076">%null%</text>
<text id="15077">%null%</text>
<text id="15078">%null%</text>
<text id="15079">%null%</text>
<text id="15080">Found by hunting birds</text>
<text id="15081">%null%</text>
<text id="15082">%null%</text>
<text id="15083">%null%</text>
<text id="15084">%null%</text>
<text id="15085">%null%</text>
<text id="15086">%null%</text>
<text id="15087">%null%</text>
<text id="15088">%null%</text>
<text id="15089">%null%</text>
<text id="15090">Found by hunting turtles</text>
<text id="15091">%null%</text>
<text id="15092">%null%</text>
<text id="15093">%null%</text>
<text id="15094">%null%</text>
<text id="15095">%null%</text>
<text id="15096">%null%</text>
<text id="15097">%null%</text>
<text id="15098">%null%</text>
<text id="15099">%null%</text>
<text id="15100">Found by hunting Those Who Live in Death</text>
<text id="15101">%null%</text>
<text id="15102">%null%</text>
<text id="15103">%null%</text>
<text id="15104">%null%</text>
<text id="15105">%null%</text>
<text id="15106">%null%</text>
<text id="15107">%null%</text>
<text id="15108">%null%</text>
<text id="15109">%null%</text>
<text id="15110">Found by hunting large dragonflies</text>
<text id="15111">%null%</text>
<text id="15112">%null%</text>
<text id="15113">%null%</text>
<text id="15114">%null%</text>
<text id="15115">%null%</text>
<text id="15116">%null%</text>
<text id="15117">%null%</text>
<text id="15118">%null%</text>
<text id="15119">%null%</text>
<text id="15120">Found by hunting owls</text>
<text id="15121">%null%</text>
<text id="15122">%null%</text>
<text id="15123">%null%</text>
<text id="15124">%null%</text>
<text id="15125">%null%</text>
<text id="15126">%null%</text>
<text id="15127">%null%</text>
<text id="15128">%null%</text>
<text id="15129">%null%</text>
<text id="15130">Found by hunting large crabs</text>
<text id="15131">%null%</text>
<text id="15132">%null%</text>
<text id="15133">%null%</text>
<text id="15134">%null%</text>
<text id="15135">%null%</text>
<text id="15136">%null%</text>
<text id="15137">%null%</text>
<text id="15138">%null%</text>
<text id="15139">%null%</text>
<text id="15140">Found by hunting land octopuses</text>
<text id="15141">%null%</text>
<text id="15142">%null%</text>
<text id="15143">%null%</text>
<text id="15144">%null%</text>
<text id="15145">%null%</text>
<text id="15146">%null%</text>
<text id="15147">%null%</text>
<text id="15148">%null%</text>
<text id="15149">%null%</text>
<text id="15150">Found by killing miranda flowers</text>
<text id="15151">%null%</text>
<text id="15152">%null%</text>
<text id="15153">%null%</text>
<text id="15154">%null%</text>
<text id="15155">%null%</text>
<text id="15156">%null%</text>
<text id="15157">%null%</text>
<text id="15158">%null%</text>
<text id="15159">%null%</text>
<text id="15160">Found by hunting creatures bloodless creatures</text>
<text id="15310">Often hidden in woods and thickets</text>
<text id="15340">Found by hunting beasts</text>
<text id="15341">Found by hunting particularly large beasts</text>
<text id="15390">Found along roadways everywhere</text>
<text id="15391">%null%</text>
<text id="15392">%null%</text>
<text id="15393">%null%</text>
<text id="15394">%null%</text>
<text id="15395">%null%</text>
<text id="15396">%null%</text>
<text id="15397">%null%</text>
<text id="15398">%null%</text>
<text id="15399">%null%</text>
<text id="15400">Often carried by demi-humans</text>
<text id="15401">%null%</text>
<text id="15402">%null%</text>
<text id="15403">%null%</text>
<text id="15404">%null%</text>
<text id="15405">%null%</text>
<text id="15406">%null%</text>
<text id="15407">%null%</text>
<text id="15408">%null%</text>
<text id="15409">%null%</text>
<text id="15410">Found by killing living jars</text>
<text id="15411">%null%</text>
<text id="15412">%null%</text>
<text id="15413">%null%</text>
<text id="15414">%null%</text>
<text id="15415">%null%</text>
<text id="15416">%null%</text>
<text id="15417">%null%</text>
<text id="15418">%null%</text>
<text id="15419">%null%</text>
<text id="15420">Found by killing Albinaurics</text>
<text id="15421">%null%</text>
<text id="15422">%null%</text>
<text id="15423">%null%</text>
<text id="15424">%null%</text>
<text id="15425">%null%</text>
<text id="15426">%null%</text>
<text id="15427">%null%</text>
<text id="15428">%null%</text>
<text id="15429">%null%</text>
<text id="15430">Found by killing stormhawks</text>
<text id="20650">Blooms in toxic terrain</text>
<text id="20651">Exceedingly rare to find</text>
<text id="20652">Blooms in lightning-struck lands</text>
<text id="20653">Exceedingly rare to find</text>
<text id="20654">Blooms in graveyards</text>
<text id="20655">%null%</text>
<text id="20656">%null%</text>
<text id="20657">%null%</text>
<text id="20658">%null%</text>
<text id="20659">%null%</text>
<text id="20660">Blooms in rotten lands</text>
<text id="20680">Found throughout the Lands Between</text>
<text id="20681">Blooms on the Altus Plateau</text>
<text id="20682">Blooms on the Mountaintops of the Giants</text>
<text id="20683">Found near Minor Erdtrees</text>
<text id="20684">%null%</text>
<text id="20685">Found near Minor Erdtrees</text>
<text id="20686">%null%</text>
<text id="20687">%null%</text>
<text id="20688">%null%</text>
<text id="20689">%null%</text>
<text id="20690">Found in thickets and elsewhere</text>
<text id="20691">Exceedingly rare to find</text>
<text id="20710">Found in and around the Eternal City</text>
<text id="20711">%null%</text>
<text id="20712">%null%</text>
<text id="20713">%null%</text>
<text id="20714">%null%</text>
<text id="20715">%null%</text>
<text id="20716">%null%</text>
<text id="20717">%null%</text>
<text id="20718">%null%</text>
<text id="20719">%null%</text>
<text id="20720">Easily found everywhere in the Lands Between</text>
<text id="20721">Easily found near the Erdtree</text>
<text id="20722">Found in frigid highlands</text>
<text id="20723">Blooms in blood-soaked soil</text>
<text id="20740">Grown in lands afflicted by frenzy</text>
<text id="20741">%null%</text>
<text id="20742">%null%</text>
<text id="20743">%null%</text>
<text id="20744">%null%</text>
<text id="20745">%null%</text>
<text id="20746">%null%</text>
<text id="20747">%null%</text>
<text id="20748">%null%</text>
<text id="20749">%null%</text>
<text id="20750">Widely found in Liurnia Lake</text>
<text id="20751">Widely found in cold regions</text>
<text id="20752">%null%</text>
<text id="20753">Exceedingly rare to find</text>
<text id="20754">%null%</text>
<text id="20755">%null%</text>
<text id="20756">%null%</text>
<text id="20757">%null%</text>
<text id="20758">%null%</text>
<text id="20759">%null%</text>
<text id="20760">Thrives in damp thickets and elsewhere</text>
<text id="20761">Found in and around the Eternal City</text>
<text id="20762">%null%</text>
<text id="20763">%null%</text>
<text id="20764">%null%</text>
<text id="20765">%null%</text>
<text id="20766">%null%</text>
<text id="20767">%null%</text>
<text id="20768">%null%</text>
<text id="20769">%null%</text>
<text id="20770">Grows in rotten lands</text>
<text id="20771">%null%</text>
<text id="20772">%null%</text>
<text id="20773">%null%</text>
<text id="20774">%null%</text>
<text id="20775">Secreted from the roots of the Greattree.
Can also be found near trees on the surface.</text>
<text id="20776">%null%</text>
<text id="20777">%null%</text>
<text id="20778">%null%</text>
<text id="20779">%null%</text>
<text id="20780">Widely found in crystal tunnels</text>
<text id="20795">Found near the remains of fallen ruins, but rarely</text>
<text id="20796">%null%</text>
<text id="20797">%null%</text>
<text id="20798">%null%</text>
<text id="20799">%null%</text>
<text id="20800">Exceedingly rare to find</text>
<text id="20801">Found in the Swamp of Aeonia</text>
<text id="20802">Found near wildfires and elsewhere</text>
<text id="20803">%null%</text>
<text id="20804">%null%</text>
<text id="20805">%null%</text>
<text id="20806">%null%</text>
<text id="20807">%null%</text>
<text id="20808">%null%</text>
<text id="20809">%null%</text>
<text id="20810">Found near cold waters untouched by sunlight</text>
<text id="20811">Found near waters close to Minor Erdtrees</text>
<text id="20812">Widely found in Liurnia Lake</text>
<text id="20813">%null%</text>
<text id="20814">%null%</text>
<text id="20815">%null%</text>
<text id="20816">%null%</text>
<text id="20817">%null%</text>
<text id="20818">%null%</text>
<text id="20819">%null%</text>
<text id="20820">Found near churches and similar</text>
<text id="20821">%null%</text>
<text id="20822">%null%</text>
<text id="20823">%null%</text>
<text id="20824">%null%</text>
<text id="20825">Found in and around the Eternal City</text>
<text id="20826">%null%</text>
<text id="20827">%null%</text>
<text id="20828">%null%</text>
<text id="20829">%null%</text>
<text id="20830">Often hidden in woods and thickets</text>
<text id="20831">Found in the land of the new dynasty</text>
<text id="20832">%null%</text>
<text id="20833">%null%</text>
<text id="20834">%null%</text>
<text id="20835">%null%</text>
<text id="20836">%null%</text>
<text id="20837">%null%</text>
<text id="20838">%null%</text>
<text id="20839">%null%</text>
<text id="20840">Gives off pale light in dark caves</text>
<text id="20841">Gives off pale light in dark caves</text>
<text id="20842">Gives off pale light in dark caves</text>
<text id="20843">%null%</text>
<text id="20844">%null%</text>
<text id="20845">Found in lands afflicted by frenzy</text>
<text id="20846">%null%</text>
<text id="20847">%null%</text>
<text id="20848">%null%</text>
<text id="20849">%null%</text>
<text id="20850">Found on Mt. Gelmir</text>
<text id="20851">%null%</text>
<text id="20852">Found near Ainsel River and other places where giant ants live</text>
<text id="20853">%null%</text>
<text id="20854">%null%</text>
<text id="20855">Found in lands once beset by ancient dragons</text>
<text id="200000">Black Knife Tiche</text>
<text id="200001">Black Knife Tiche</text>
<text id="200002">Black Knife Tiche</text>
<text id="200003">Black Knife Tiche</text>
<text id="200004">Black Knife Tiche</text>
<text id="200005">Black Knife Tiche</text>
<text id="200006">Black Knife Tiche</text>
<text id="200007">Black Knife Tiche</text>
<text id="200008">Black Knife Tiche</text>
<text id="200009">Black Knife Tiche</text>
<text id="200010">Black Knife Tiche</text>
<text id="201000">Banished Knight Oleg</text>
<text id="201001">Banished Knight Oleg</text>
<text id="201002">Banished Knight Oleg</text>
<text id="201003">Banished Knight Oleg</text>
<text id="201004">Banished Knight Oleg</text>
<text id="201005">Banished Knight Oleg</text>
<text id="201006">Banished Knight Oleg</text>
<text id="201007">Banished Knight Oleg</text>
<text id="201008">Banished Knight Oleg</text>
<text id="201009">Banished Knight Oleg</text>
<text id="201010">Banished Knight Oleg</text>
<text id="202000">Banished Knight Engvall</text>
<text id="202001">Banished Knight Engvall</text>
<text id="202002">Banished Knight Engvall</text>
<text id="202003">Banished Knight Engvall</text>
<text id="202004">Banished Knight Engvall</text>
<text id="202005">Banished Knight Engvall</text>
<text id="202006">Banished Knight Engvall</text>
<text id="202007">Banished Knight Engvall</text>
<text id="202008">Banished Knight Engvall</text>
<text id="202009">Banished Knight Engvall</text>
<text id="202010">Banished Knight Engvall</text>
<text id="203000">Fanged Imps</text>
<text id="203001">Fanged Imps</text>
<text id="203002">Fanged Imps</text>
<text id="203003">Fanged Imps</text>
<text id="203004">Fanged Imps</text>
<text id="203005">Fanged Imps</text>
<text id="203006">Fanged Imps</text>
<text id="203007">Fanged Imps</text>
<text id="203008">Fanged Imps</text>
<text id="203009">Fanged Imps</text>
<text id="203010">Fanged Imps</text>
<text id="204000">Latenna the Albinauric</text>
<text id="204001">Latenna the Albinauric</text>
<text id="204002">Latenna the Albinauric</text>
<text id="204003">Latenna the Albinauric</text>
<text id="204004">Latenna the Albinauric</text>
<text id="204005">Latenna the Albinauric</text>
<text id="204006">Latenna the Albinauric</text>
<text id="204007">Latenna the Albinauric</text>
<text id="204008">Latenna the Albinauric</text>
<text id="204009">Latenna the Albinauric</text>
<text id="204010">Latenna the Albinauric</text>
<text id="205000">Nomad</text>
<text id="205001">Nomad</text>
<text id="205002">Nomad</text>
<text id="205003">Nomad</text>
<text id="205004">Nomad</text>
<text id="205005">Nomad</text>
<text id="205006">Nomad</text>
<text id="205007">Nomad</text>
<text id="205008">Nomad</text>
<text id="205009">Nomad</text>
<text id="205010">Nomad</text>
<text id="206000">Nightmaiden &amp; Swordstress</text>
<text id="206001">Nightmaiden &amp; Swordstress</text>
<text id="206002">Nightmaiden &amp; Swordstress</text>
<text id="206003">Nightmaiden &amp; Swordstress</text>
<text id="206004">Nightmaiden &amp; Swordstress</text>
<text id="206005">Nightmaiden &amp; Swordstress</text>
<text id="206006">Nightmaiden &amp; Swordstress</text>
<text id="206007">Nightmaiden &amp; Swordstress</text>
<text id="206008">Nightmaiden &amp; Swordstress</text>
<text id="206009">Nightmaiden &amp; Swordstress</text>
<text id="206010">Nightmaiden &amp; Swordstress</text>
<text id="207000">Mimic Tear </text>
<text id="207001">Mimic Tear </text>
<text id="207002">Mimic Tear </text>
<text id="207003">Mimic Tear </text>
<text id="207004">Mimic Tear </text>
<text id="207005">Mimic Tear </text>
<text id="207006">Mimic Tear </text>
<text id="207007">Mimic Tear </text>
<text id="207008">Mimic Tear </text>
<text id="207009">Mimic Tear </text>
<text id="207010">Mimic Tear </text>
<text id="208000">Crystalian</text>
<text id="208001">Crystalian</text>
<text id="208002">Crystalian</text>
<text id="208003">Crystalian</text>
<text id="208004">Crystalian</text>
<text id="208005">Crystalian</text>
<text id="208006">Crystalian</text>
<text id="208007">Crystalian</text>
<text id="208008">Crystalian</text>
<text id="208009">Crystalian</text>
<text id="208010">Crystalian</text>
<text id="209000">Ancestral Follower</text>
<text id="209001">Ancestral Follower</text>
<text id="209002">Ancestral Follower</text>
<text id="209003">Ancestral Follower</text>
<text id="209004">Ancestral Follower</text>
<text id="209005">Ancestral Follower</text>
<text id="209006">Ancestral Follower</text>
<text id="209007">Ancestral Follower</text>
<text id="209008">Ancestral Follower</text>
<text id="209009">Ancestral Follower</text>
<text id="209010">Ancestral Follower</text>
<text id="210000">Winged Misbegotten</text>
<text id="210001">Winged Misbegotten</text>
<text id="210002">Winged Misbegotten</text>
<text id="210003">Winged Misbegotten</text>
<text id="210004">Winged Misbegotten</text>
<text id="210005">Winged Misbegotten</text>
<text id="210006">Winged Misbegotten</text>
<text id="210007">Winged Misbegotten</text>
<text id="210008">Winged Misbegotten</text>
<text id="210009">Winged Misbegotten</text>
<text id="210010">Winged Misbegotten</text>
<text id="211000">Albinaurics</text>
<text id="211001">Albinaurics</text>
<text id="211002">Albinaurics</text>
<text id="211003">Albinaurics</text>
<text id="211004">Albinaurics</text>
<text id="211005">Albinaurics</text>
<text id="211006">Albinaurics</text>
<text id="211007">Albinaurics</text>
<text id="211008">Albinaurics</text>
<text id="211009">Albinaurics</text>
<text id="211010">Albinaurics</text>
<text id="212000">Skeletal Militiamen</text>
<text id="212001">Skeletal Militiamen</text>
<text id="212002">Skeletal Militiamen</text>
<text id="212003">Skeletal Militiamen</text>
<text id="212004">Skeletal Militiamen</text>
<text id="212005">Skeletal Militiamen</text>
<text id="212006">Skeletal Militiamen</text>
<text id="212007">Skeletal Militiamen</text>
<text id="212008">Skeletal Militiamen</text>
<text id="212009">Skeletal Militiamen</text>
<text id="212010">Skeletal Militiamen</text>
<text id="213000">Skeletal Bandit</text>
<text id="213001">Skeletal Bandit</text>
<text id="213002">Skeletal Bandit</text>
<text id="213003">Skeletal Bandit</text>
<text id="213004">Skeletal Bandit</text>
<text id="213005">Skeletal Bandit</text>
<text id="213006">Skeletal Bandit</text>
<text id="213007">Skeletal Bandit</text>
<text id="213008">Skeletal Bandit</text>
<text id="213009">Skeletal Bandit</text>
<text id="213010">Skeletal Bandit</text>
<text id="214000">Oracle Envoy</text>
<text id="214001">Oracle Envoy</text>
<text id="214002">Oracle Envoy</text>
<text id="214003">Oracle Envoy</text>
<text id="214004">Oracle Envoy</text>
<text id="214005">Oracle Envoy</text>
<text id="214006">Oracle Envoy</text>
<text id="214007">Oracle Envoy</text>
<text id="214008">Oracle Envoy</text>
<text id="214009">Oracle Envoy</text>
<text id="214010">Oracle Envoy</text>
<text id="215000">Putrid Corpses</text>
<text id="215001">Putrid Corpses</text>
<text id="215002">Putrid Corpses</text>
<text id="215003">Putrid Corpses</text>
<text id="215004">Putrid Corpses</text>
<text id="215005">Putrid Corpses</text>
<text id="215006">Putrid Corpses</text>
<text id="215007">Putrid Corpses</text>
<text id="215008">Putrid Corpses</text>
<text id="215009">Putrid Corpses</text>
<text id="215010">Putrid Corpses</text>
<text id="216000">Fallen Perfumer Carmaan</text>
<text id="216001">Fallen Perfumer Carmaan</text>
<text id="216002">Fallen Perfumer Carmaan</text>
<text id="216003">Fallen Perfumer Carmaan</text>
<text id="216004">Fallen Perfumer Carmaan</text>
<text id="216005">Fallen Perfumer Carmaan</text>
<text id="216006">Fallen Perfumer Carmaan</text>
<text id="216007">Fallen Perfumer Carmaan</text>
<text id="216008">Fallen Perfumer Carmaan</text>
<text id="216009">Fallen Perfumer Carmaan</text>
<text id="216010">Fallen Perfumer Carmaan</text>
<text id="217000">Perfumer Tricia</text>
<text id="217001">Perfumer Tricia</text>
<text id="217002">Perfumer Tricia</text>
<text id="217003">Perfumer Tricia</text>
<text id="217004">Perfumer Tricia</text>
<text id="217005">Perfumer Tricia</text>
<text id="217006">Perfumer Tricia</text>
<text id="217007">Perfumer Tricia</text>
<text id="217008">Perfumer Tricia</text>
<text id="217009">Perfumer Tricia</text>
<text id="217010">Perfumer Tricia</text>
<text id="218000">Glintstone Sorcerer</text>
<text id="218001">Glintstone Sorcerer</text>
<text id="218002">Glintstone Sorcerer</text>
<text id="218003">Glintstone Sorcerer</text>
<text id="218004">Glintstone Sorcerer</text>
<text id="218005">Glintstone Sorcerer</text>
<text id="218006">Glintstone Sorcerer</text>
<text id="218007">Glintstone Sorcerer</text>
<text id="218008">Glintstone Sorcerer</text>
<text id="218009">Glintstone Sorcerer</text>
<text id="218010">Glintstone Sorcerer</text>
<text id="219000">Twinsage Sorcerer</text>
<text id="219001">Twinsage Sorcerer</text>
<text id="219002">Twinsage Sorcerer</text>
<text id="219003">Twinsage Sorcerer</text>
<text id="219004">Twinsage Sorcerer</text>
<text id="219005">Twinsage Sorcerer</text>
<text id="219006">Twinsage Sorcerer</text>
<text id="219007">Twinsage Sorcerer</text>
<text id="219008">Twinsage Sorcerer</text>
<text id="219009">Twinsage Sorcerer</text>
<text id="219010">Twinsage Sorcerer</text>
<text id="220000">Page</text>
<text id="220001">Page</text>
<text id="220002">Page</text>
<text id="220003">Page</text>
<text id="220004">Page</text>
<text id="220005">Page</text>
<text id="220006">Page</text>
<text id="220007">Page</text>
<text id="220008">Page</text>
<text id="220009">Page</text>
<text id="220010">Page</text>
<text id="221000">Battlemage Hugues</text>
<text id="221001">Battlemage Hugues</text>
<text id="221002">Battlemage Hugues</text>
<text id="221003">Battlemage Hugues</text>
<text id="221004">Battlemage Hugues</text>
<text id="221005">Battlemage Hugues</text>
<text id="221006">Battlemage Hugues</text>
<text id="221007">Battlemage Hugues</text>
<text id="221008">Battlemage Hugues</text>
<text id="221009">Battlemage Hugues</text>
<text id="221010">Battlemage Hugues</text>
<text id="222000">Claymen </text>
<text id="222001">Claymen </text>
<text id="222002">Claymen </text>
<text id="222003">Claymen </text>
<text id="222004">Claymen </text>
<text id="222005">Claymen </text>
<text id="222006">Claymen </text>
<text id="222007">Claymen </text>
<text id="222008">Claymen </text>
<text id="222009">Claymen </text>
<text id="222010">Claymen </text>
<text id="223000">Cleanrot Knight Finlay</text>
<text id="223001">Cleanrot Knight Finlay</text>
<text id="223002">Cleanrot Knight Finlay</text>
<text id="223003">Cleanrot Knight Finlay</text>
<text id="223004">Cleanrot Knight Finlay</text>
<text id="223005">Cleanrot Knight Finlay</text>
<text id="223006">Cleanrot Knight Finlay</text>
<text id="223007">Cleanrot Knight Finlay</text>
<text id="223008">Cleanrot Knight Finlay</text>
<text id="223009">Cleanrot Knight Finlay</text>
<text id="223010">Cleanrot Knight Finlay</text>
<text id="224000">Kindred of Rot</text>
<text id="224001">Kindred of Rot</text>
<text id="224002">Kindred of Rot</text>
<text id="224003">Kindred of Rot</text>
<text id="224004">Kindred of Rot</text>
<text id="224005">Kindred of Rot</text>
<text id="224006">Kindred of Rot</text>
<text id="224007">Kindred of Rot</text>
<text id="224008">Kindred of Rot</text>
<text id="224009">Kindred of Rot</text>
<text id="224010">Kindred of Rot</text>
<text id="225000">Marionette Soldiers</text>
<text id="225001">Marionette Soldiers</text>
<text id="225002">Marionette Soldiers</text>
<text id="225003">Marionette Soldiers</text>
<text id="225004">Marionette Soldiers</text>
<text id="225005">Marionette Soldiers</text>
<text id="225006">Marionette Soldiers</text>
<text id="225007">Marionette Soldiers</text>
<text id="225008">Marionette Soldiers</text>
<text id="225009">Marionette Soldiers</text>
<text id="225010">Marionette Soldiers</text>
<text id="226000">Avionette Soldiers</text>
<text id="226001">Avionette Soldiers</text>
<text id="226002">Avionette Soldiers</text>
<text id="226003">Avionette Soldiers</text>
<text id="226004">Avionette Soldiers</text>
<text id="226005">Avionette Soldiers</text>
<text id="226006">Avionette Soldiers</text>
<text id="226007">Avionette Soldiers</text>
<text id="226008">Avionette Soldiers</text>
<text id="226009">Avionette Soldiers</text>
<text id="226010">Avionette Soldiers</text>
<text id="227000">Fire Monk</text>
<text id="227001">Fire Monk</text>
<text id="227002">Fire Monk</text>
<text id="227003">Fire Monk</text>
<text id="227004">Fire Monk</text>
<text id="227005">Fire Monk</text>
<text id="227006">Fire Monk</text>
<text id="227007">Fire Monk</text>
<text id="227008">Fire Monk</text>
<text id="227009">Fire Monk</text>
<text id="227010">Fire Monk</text>
<text id="228000">Blackflame Monk Amon</text>
<text id="228001">Blackflame Monk Amon</text>
<text id="228002">Blackflame Monk Amon</text>
<text id="228003">Blackflame Monk Amon</text>
<text id="228004">Blackflame Monk Amon</text>
<text id="228005">Blackflame Monk Amon</text>
<text id="228006">Blackflame Monk Amon</text>
<text id="228007">Blackflame Monk Amon</text>
<text id="228008">Blackflame Monk Amon</text>
<text id="228009">Blackflame Monk Amon</text>
<text id="228010">Blackflame Monk Amon</text>
<text id="229000">Man-Serpent </text>
<text id="229001">Man-Serpent </text>
<text id="229002">Man-Serpent </text>
<text id="229003">Man-Serpent </text>
<text id="229004">Man-Serpent </text>
<text id="229005">Man-Serpent </text>
<text id="229006">Man-Serpent </text>
<text id="229007">Man-Serpent </text>
<text id="229008">Man-Serpent </text>
<text id="229009">Man-Serpent </text>
<text id="229010">Man-Serpent </text>
<text id="230000">Azula Beastmen</text>
<text id="230001">Azula Beastmen</text>
<text id="230002">Azula Beastmen</text>
<text id="230003">Azula Beastmen</text>
<text id="230004">Azula Beastmen</text>
<text id="230005">Azula Beastmen</text>
<text id="230006">Azula Beastmen</text>
<text id="230007">Azula Beastmen</text>
<text id="230008">Azula Beastmen</text>
<text id="230009">Azula Beastmen</text>
<text id="230010">Azula Beastmen</text>
<text id="231000">Kaiden Mercenary</text>
<text id="231001">Kaiden Mercenary</text>
<text id="231002">Kaiden Mercenary</text>
<text id="231003">Kaiden Mercenary</text>
<text id="231004">Kaiden Mercenary</text>
<text id="231005">Kaiden Mercenary</text>
<text id="231006">Kaiden Mercenary</text>
<text id="231007">Kaiden Mercenary</text>
<text id="231008">Kaiden Mercenary</text>
<text id="231009">Kaiden Mercenary</text>
<text id="231010">Kaiden Mercenary</text>
<text id="232000">Lone Wolves</text>
<text id="232001">Lone Wolves</text>
<text id="232002">Lone Wolves</text>
<text id="232003">Lone Wolves</text>
<text id="232004">Lone Wolves</text>
<text id="232005">Lone Wolves</text>
<text id="232006">Lone Wolves</text>
<text id="232007">Lone Wolves</text>
<text id="232008">Lone Wolves</text>
<text id="232009">Lone Wolves</text>
<text id="232010">Lone Wolves</text>
<text id="233000">Giant Rats</text>
<text id="233001">Giant Rats</text>
<text id="233002">Giant Rats</text>
<text id="233003">Giant Rats</text>
<text id="233004">Giant Rats</text>
<text id="233005">Giant Rats</text>
<text id="233006">Giant Rats</text>
<text id="233007">Giant Rats</text>
<text id="233008">Giant Rats</text>
<text id="233009">Giant Rats</text>
<text id="233010">Giant Rats</text>
<text id="234000">Demi-Humans</text>
<text id="234001">Demi-Humans</text>
<text id="234002">Demi-Humans</text>
<text id="234003">Demi-Humans</text>
<text id="234004">Demi-Humans</text>
<text id="234005">Demi-Humans</text>
<text id="234006">Demi-Humans</text>
<text id="234007">Demi-Humans</text>
<text id="234008">Demi-Humans</text>
<text id="234009">Demi-Humans</text>
<text id="234010">Demi-Humans</text>
<text id="235000">Rotten Stray</text>
<text id="235001">Rotten Stray</text>
<text id="235002">Rotten Stray</text>
<text id="235003">Rotten Stray</text>
<text id="235004">Rotten Stray</text>
<text id="235005">Rotten Stray</text>
<text id="235006">Rotten Stray</text>
<text id="235007">Rotten Stray</text>
<text id="235008">Rotten Stray</text>
<text id="235009">Rotten Stray</text>
<text id="235010">Rotten Stray</text>
<text id="236000">Spirit Jellyfish</text>
<text id="236001">Spirit Jellyfish</text>
<text id="236002">Spirit Jellyfish</text>
<text id="236003">Spirit Jellyfish</text>
<text id="236004">Spirit Jellyfish</text>
<text id="236005">Spirit Jellyfish</text>
<text id="236006">Spirit Jellyfish</text>
<text id="236007">Spirit Jellyfish</text>
<text id="236008">Spirit Jellyfish</text>
<text id="236009">Spirit Jellyfish</text>
<text id="236010">Spirit Jellyfish</text>
<text id="237000">Warhawk</text>
<text id="237001">Warhawk</text>
<text id="237002">Warhawk</text>
<text id="237003">Warhawk</text>
<text id="237004">Warhawk</text>
<text id="237005">Warhawk</text>
<text id="237006">Warhawk</text>
<text id="237007">Warhawk</text>
<text id="237008">Warhawk</text>
<text id="237009">Warhawk</text>
<text id="237010">Warhawk</text>
<text id="238000">Stormhawk Deenh</text>
<text id="238001">Stormhawk Deenh</text>
<text id="238002">Stormhawk Deenh</text>
<text id="238003">Stormhawk Deenh</text>
<text id="238004">Stormhawk Deenh</text>
<text id="238005">Stormhawk Deenh</text>
<text id="238006">Stormhawk Deenh</text>
<text id="238007">Stormhawk Deenh</text>
<text id="238008">Stormhawk Deenh</text>
<text id="238009">Stormhawk Deenh</text>
<text id="238010">Stormhawk Deenh</text>
<text id="239000">Bloodhound Knight Floh</text>
<text id="239001">Bloodhound Knight Floh</text>
<text id="239002">Bloodhound Knight Floh</text>
<text id="239003">Bloodhound Knight Floh</text>
<text id="239004">Bloodhound Knight Floh</text>
<text id="239005">Bloodhound Knight Floh</text>
<text id="239006">Bloodhound Knight Floh</text>
<text id="239007">Bloodhound Knight Floh</text>
<text id="239008">Bloodhound Knight Floh</text>
<text id="239009">Bloodhound Knight Floh</text>
<text id="239010">Bloodhound Knight Floh</text>
<text id="240000">Wandering Nobles</text>
<text id="240001">Wandering Nobles</text>
<text id="240002">Wandering Nobles</text>
<text id="240003">Wandering Nobles</text>
<text id="240004">Wandering Nobles</text>
<text id="240005">Wandering Nobles</text>
<text id="240006">Wandering Nobles</text>
<text id="240007">Wandering Nobles</text>
<text id="240008">Wandering Nobles</text>
<text id="240009">Wandering Nobles</text>
<text id="240010">Wandering Nobles</text>
<text id="241000">Noble Sorcerer</text>
<text id="241001">Noble Sorcerer</text>
<text id="241002">Noble Sorcerer</text>
<text id="241003">Noble Sorcerer</text>
<text id="241004">Noble Sorcerer</text>
<text id="241005">Noble Sorcerer</text>
<text id="241006">Noble Sorcerer</text>
<text id="241007">Noble Sorcerer</text>
<text id="241008">Noble Sorcerer</text>
<text id="241009">Noble Sorcerer</text>
<text id="241010">Noble Sorcerer</text>
<text id="242000">Vulgar Militia</text>
<text id="242001">Vulgar Militia</text>
<text id="242002">Vulgar Militia</text>
<text id="242003">Vulgar Militia</text>
<text id="242004">Vulgar Militia</text>
<text id="242005">Vulgar Militia</text>
<text id="242006">Vulgar Militia</text>
<text id="242007">Vulgar Militia</text>
<text id="242008">Vulgar Militia</text>
<text id="242009">Vulgar Militia</text>
<text id="242010">Vulgar Militia</text>
<text id="243000">Mad Pumpkin Head</text>
<text id="243001">Mad Pumpkin Head</text>
<text id="243002">Mad Pumpkin Head</text>
<text id="243003">Mad Pumpkin Head</text>
<text id="243004">Mad Pumpkin Head</text>
<text id="243005">Mad Pumpkin Head</text>
<text id="243006">Mad Pumpkin Head</text>
<text id="243007">Mad Pumpkin Head</text>
<text id="243008">Mad Pumpkin Head</text>
<text id="243009">Mad Pumpkin Head</text>
<text id="243010">Mad Pumpkin Head</text>
<text id="244000">Land Squirts</text>
<text id="244001">Land Squirts</text>
<text id="244002">Land Squirts</text>
<text id="244003">Land Squirts</text>
<text id="244004">Land Squirts</text>
<text id="244005">Land Squirts</text>
<text id="244006">Land Squirts</text>
<text id="244007">Land Squirts</text>
<text id="244008">Land Squirts</text>
<text id="244009">Land Squirts</text>
<text id="244010">Land Squirts</text>
<text id="245000">Miranda Sprouts</text>
<text id="245001">Miranda Sprouts</text>
<text id="245002">Miranda Sprouts</text>
<text id="245003">Miranda Sprouts</text>
<text id="245004">Miranda Sprouts</text>
<text id="245005">Miranda Sprouts</text>
<text id="245006">Miranda Sprouts</text>
<text id="245007">Miranda Sprouts</text>
<text id="245008">Miranda Sprouts</text>
<text id="245009">Miranda Sprouts</text>
<text id="245010">Miranda Sprouts</text>
<text id="246000">Soldjars of Fortune</text>
<text id="246001">Soldjars of Fortune</text>
<text id="246002">Soldjars of Fortune</text>
<text id="246003">Soldjars of Fortune</text>
<text id="246004">Soldjars of Fortune</text>
<text id="246005">Soldjars of Fortune</text>
<text id="246006">Soldjars of Fortune</text>
<text id="246007">Soldjars of Fortune</text>
<text id="246008">Soldjars of Fortune</text>
<text id="246009">Soldjars of Fortune</text>
<text id="246010">Soldjars of Fortune</text>
<text id="247000">Omenkiller Rollo</text>
<text id="247001">Omenkiller Rollo</text>
<text id="247002">Omenkiller Rollo</text>
<text id="247003">Omenkiller Rollo</text>
<text id="247004">Omenkiller Rollo</text>
<text id="247005">Omenkiller Rollo</text>
<text id="247006">Omenkiller Rollo</text>
<text id="247007">Omenkiller Rollo</text>
<text id="247008">Omenkiller Rollo</text>
<text id="247009">Omenkiller Rollo</text>
<text id="247010">Omenkiller Rollo</text>
<text id="248000">Greatshield Soldiers</text>
<text id="248001">Greatshield Soldiers</text>
<text id="248002">Greatshield Soldiers</text>
<text id="248003">Greatshield Soldiers</text>
<text id="248004">Greatshield Soldiers</text>
<text id="248005">Greatshield Soldiers</text>
<text id="248006">Greatshield Soldiers</text>
<text id="248007">Greatshield Soldiers</text>
<text id="248008">Greatshield Soldiers</text>
<text id="248009">Greatshield Soldiers</text>
<text id="248010">Greatshield Soldiers</text>
<text id="249000">Archers</text>
<text id="249001">Archers</text>
<text id="249002">Archers</text>
<text id="249003">Archers</text>
<text id="249004">Archers</text>
<text id="249005">Archers</text>
<text id="249006">Archers</text>
<text id="249007">Archers</text>
<text id="249008">Archers</text>
<text id="249009">Archers</text>
<text id="249010">Archers</text>
<text id="250000">Godrick Soldiers</text>
<text id="250001">Godrick Soldiers</text>
<text id="250002">Godrick Soldiers</text>
<text id="250003">Godrick Soldiers</text>
<text id="250004">Godrick Soldiers</text>
<text id="250005">Godrick Soldiers</text>
<text id="250006">Godrick Soldiers</text>
<text id="250007">Godrick Soldiers</text>
<text id="250008">Godrick Soldiers</text>
<text id="250009">Godrick Soldiers</text>
<text id="250010">Godrick Soldiers</text>
<text id="251000">Raya Lucaria Soldiers</text>
<text id="251001">Raya Lucaria Soldiers</text>
<text id="251002">Raya Lucaria Soldiers</text>
<text id="251003">Raya Lucaria Soldiers</text>
<text id="251004">Raya Lucaria Soldiers</text>
<text id="251005">Raya Lucaria Soldiers</text>
<text id="251006">Raya Lucaria Soldiers</text>
<text id="251007">Raya Lucaria Soldiers</text>
<text id="251008">Raya Lucaria Soldiers</text>
<text id="251009">Raya Lucaria Soldiers</text>
<text id="251010">Raya Lucaria Soldiers</text>
<text id="252000">Leyndell Soldiers</text>
<text id="252001">Leyndell Soldiers</text>
<text id="252002">Leyndell Soldiers</text>
<text id="252003">Leyndell Soldiers</text>
<text id="252004">Leyndell Soldiers</text>
<text id="252005">Leyndell Soldiers</text>
<text id="252006">Leyndell Soldiers</text>
<text id="252007">Leyndell Soldiers</text>
<text id="252008">Leyndell Soldiers</text>
<text id="252009">Leyndell Soldiers</text>
<text id="252010">Leyndell Soldiers</text>
<text id="253000">Radahn Soldiers</text>
<text id="253001">Radahn Soldiers</text>
<text id="253002">Radahn Soldiers</text>
<text id="253003">Radahn Soldiers</text>
<text id="253004">Radahn Soldiers</text>
<text id="253005">Radahn Soldiers</text>
<text id="253006">Radahn Soldiers</text>
<text id="253007">Radahn Soldiers</text>
<text id="253008">Radahn Soldiers</text>
<text id="253009">Radahn Soldiers</text>
<text id="253010">Radahn Soldiers</text>
<text id="254000">Mausoleum Soldiers</text>
<text id="254001">Mausoleum Soldiers</text>
<text id="254002">Mausoleum Soldiers</text>
<text id="254003">Mausoleum Soldiers</text>
<text id="254004">Mausoleum Soldiers</text>
<text id="254005">Mausoleum Soldiers</text>
<text id="254006">Mausoleum Soldiers</text>
<text id="254007">Mausoleum Soldiers</text>
<text id="254008">Mausoleum Soldiers</text>
<text id="254009">Mausoleum Soldiers</text>
<text id="254010">Mausoleum Soldiers</text>
<text id="255000">Haligtree Soldiers</text>
<text id="255001">Haligtree Soldiers</text>
<text id="255002">Haligtree Soldiers</text>
<text id="255003">Haligtree Soldiers</text>
<text id="255004">Haligtree Soldiers</text>
<text id="255005">Haligtree Soldiers</text>
<text id="255006">Haligtree Soldiers</text>
<text id="255007">Haligtree Soldiers</text>
<text id="255008">Haligtree Soldiers</text>
<text id="255009">Haligtree Soldiers</text>
<text id="255010">Haligtree Soldiers</text>
<text id="256000">Ancient Dragon Knight Kristoff</text>
<text id="256001">Ancient Dragon Knight Kristoff</text>
<text id="256002">Ancient Dragon Knight Kristoff</text>
<text id="256003">Ancient Dragon Knight Kristoff</text>
<text id="256004">Ancient Dragon Knight Kristoff</text>
<text id="256005">Ancient Dragon Knight Kristoff</text>
<text id="256006">Ancient Dragon Knight Kristoff</text>
<text id="256007">Ancient Dragon Knight Kristoff</text>
<text id="256008">Ancient Dragon Knight Kristoff</text>
<text id="256009">Ancient Dragon Knight Kristoff</text>
<text id="256010">Ancient Dragon Knight Kristoff</text>
<text id="257000">Redmane Knight Ogha</text>
<text id="257001">Redmane Knight Ogha</text>
<text id="257002">Redmane Knight Ogha</text>
<text id="257003">Redmane Knight Ogha</text>
<text id="257004">Redmane Knight Ogha</text>
<text id="257005">Redmane Knight Ogha</text>
<text id="257006">Redmane Knight Ogha</text>
<text id="257007">Redmane Knight Ogha</text>
<text id="257008">Redmane Knight Ogha</text>
<text id="257009">Redmane Knight Ogha</text>
<text id="257010">Redmane Knight Ogha</text>
<text id="258000">Lhutel the Headless</text>
<text id="258001">Lhutel the Headless</text>
<text id="258002">Lhutel the Headless</text>
<text id="258003">Lhutel the Headless</text>
<text id="258004">Lhutel the Headless</text>
<text id="258005">Lhutel the Headless</text>
<text id="258006">Lhutel the Headless</text>
<text id="258007">Lhutel the Headless</text>
<text id="258008">Lhutel the Headless</text>
<text id="258009">Lhutel the Headless</text>
<text id="258010">Lhutel the Headless</text>
<text id="259000">Nepheli Loux</text>
<text id="259001">Nepheli Loux</text>
<text id="259002">Nepheli Loux</text>
<text id="259003">Nepheli Loux</text>
<text id="259004">Nepheli Loux</text>
<text id="259005">Nepheli Loux</text>
<text id="259006">Nepheli Loux</text>
<text id="259007">Nepheli Loux</text>
<text id="259008">Nepheli Loux</text>
<text id="259009">Nepheli Loux</text>
<text id="259010">Nepheli Loux</text>
<text id="260000">Dung Eater</text>
<text id="260001">Dung Eater</text>
<text id="260002">Dung Eater</text>
<text id="260003">Dung Eater</text>
<text id="260004">Dung Eater</text>
<text id="260005">Dung Eater</text>
<text id="260006">Dung Eater</text>
<text id="260007">Dung Eater</text>
<text id="260008">Dung Eater</text>
<text id="260009">Dung Eater</text>
<text id="260010">Dung Eater</text>
<text id="261000">Finger Maiden Therolina</text>
<text id="261001">Finger Maiden Therolina</text>
<text id="261002">Finger Maiden Therolina</text>
<text id="261003">Finger Maiden Therolina</text>
<text id="261004">Finger Maiden Therolina</text>
<text id="261005">Finger Maiden Therolina</text>
<text id="261006">Finger Maiden Therolina</text>
<text id="261007">Finger Maiden Therolina</text>
<text id="261008">Finger Maiden Therolina</text>
<text id="261009">Finger Maiden Therolina</text>
<text id="261010">Finger Maiden Therolina</text>
<text id="262000">Dolores the Sleeping Arrow</text>
<text id="262001">Dolores the Sleeping Arrow</text>
<text id="262002">Dolores the Sleeping Arrow</text>
<text id="262003">Dolores the Sleeping Arrow</text>
<text id="262004">Dolores the Sleeping Arrow</text>
<text id="262005">Dolores the Sleeping Arrow</text>
<text id="262006">Dolores the Sleeping Arrow</text>
<text id="262007">Dolores the Sleeping Arrow</text>
<text id="262008">Dolores the Sleeping Arrow</text>
<text id="262009">Dolores the Sleeping Arrow</text>
<text id="262010">Dolores the Sleeping Arrow</text>
<text id="263000">Jarwight</text>
<text id="263001">Jarwight</text>
<text id="263002">Jarwight</text>
<text id="263003">Jarwight</text>
<text id="263004">Jarwight</text>
<text id="263005">Jarwight</text>
<text id="263006">Jarwight</text>
<text id="263007">Jarwight</text>
<text id="263008">Jarwight</text>
<text id="263009">Jarwight</text>
<text id="263010">Jarwight</text>
</entries>
</fmg>