Row ID;Row Name;disableParam_NT;disableParamReserve1;disableParamReserve2;refId;sfxVariationId;weight;behaviorId;basicPrice;sellValue;sortId;qwcId;equipModelId;iconId;shopLv;trophySGradeId;trophySeqId;equipModelCategory;equipModelGender;accessoryCategory;refCategory;spEffectCategory;sortGroupId;vagrantItemLotId;vagrantBonusEneDropItemLotId;vagrantItemEneDropItemLotId;isDeposit;isEquipOutBrake;disableMultiDropShare;isDiscard;isDrop;showLogCondType;showDialogCondType;rarity;pad2;saleValue;accessoryGroup;pad3;compTrophySedId;residentSpEffectId1;residentSpEffectId2;residentSpEffectId3;residentSpEffectId4;pad1
1000;Crimson Amber Medallion;0;0;000000;310000;-1;0.3;0;0;100;400000;0;0;18000;-1;-1;-1;0;0;0;2;0;10;-1;-1;-1;1;0;0;1;1;1;2;2;0000;0;1000;00;-1;0;0;0;0;00000000;
1001;Crimson Amber Medallion +1;1;0;000000;310010;-1;0.3;0;0;500;400010;0;0;18001;-1;-1;-1;0;0;0;2;0;10;-1;-1;-1;1;0;0;1;1;1;2;2;0000;0;1000;00;-1;0;0;0;0;00000000;
1002;Crimson Amber Medallion +2;1;0;000000;310020;-1;0.3;0;0;1000;400020;0;0;18002;-1;-1;-1;0;0;0;2;0;10;-1;-1;-1;1;0;0;1;1;1;2;2;0000;0;1000;00;-1;0;0;0;0;00000000;
1010;Cerulean Amber Medallion;1;0;000000;310100;-1;0.3;0;0;100;400050;0;0;18010;-1;-1;-1;0;0;0;2;0;10;-1;-1;-1;1;0;0;1;1;1;2;2;0000;0;1010;00;-1;0;0;0;0;00000000;
1011;Cerulean Amber Medallion +1;1;0;000000;310110;-1;0.3;0;0;500;400060;0;0;18011;-1;-1;-1;0;0;0;2;0;10;-1;-1;-1;1;0;0;1;1;1;2;2;0000;0;1010;00;-1;0;0;0;0;00000000;
1012;Cerulean Amber Medallion +2;1;0;000000;310120;-1;0.3;0;0;1000;400070;0;0;18012;-1;-1;-1;0;0;0;2;0;10;-1;-1;-1;1;0;0;1;1;1;2;2;0000;0;1010;00;-1;0;0;0;0;00000000;
1020;Viridian Amber Medallion;0;0;000000;310200;-1;0.3;0;0;100;400090;0;0;18020;-1;-1;-1;0;0;0;2;0;10;-1;-1;-1;1;0;0;1;1;1;2;2;0000;0;1020;00;-1;0;0;0;0;00000000;
1021;Viridian Amber Medallion +1;1;0;000000;310210;-1;0.3;0;0;500;400100;0;0;18021;-1;-1;-1;0;0;0;2;0;10;-1;-1;-1;1;0;0;1;1;1;2;2;0000;0;1020;00;-1;0;0;0;0;00000000;
1022;Viridian Amber Medallion +2;1;0;000000;310220;-1;0.3;0;0;1000;400110;0;0;18022;-1;-1;-1;0;0;0;2;0;10;-1;-1;-1;1;0;0;1;1;1;2;2;0000;0;1020;00;-1;0;0;0;0;00000000;
1030;Arsenal Charm;0;0;000000;310300;-1;1.5;0;0;100;400130;0;0;18030;-1;-1;-1;0;0;0;2;0;10;-1;-1;-1;1;0;0;1;1;1;2;2;0000;0;1030;00;-1;0;0;0;0;00000000;
1031;Arsenal Charm +1;1;0;000000;310310;-1;1.5;0;0;500;400140;0;0;18031;-1;-1;-1;0;0;0;2;0;10;-1;-1;-1;1;0;0;1;1;1;2;2;0000;0;1030;00;-1;0;0;0;0;00000000;
1032;Great-Jar's Arsenal;1;0;000000;310320;-1;1.5;0;0;1000;400150;0;0;18032;-1;-1;-1;0;0;0;2;0;10;-1;-1;-1;1;0;0;1;1;1;2;2;0000;0;1030;00;-1;0;0;0;0;00000000;
1040;Erdtree's Favor;1;0;000000;310400;-1;1.5;0;0;500;400160;0;0;18040;-1;-1;-1;0;0;0;2;0;10;-1;-1;-1;1;0;0;1;1;1;2;2;0000;0;1040;00;-1;0;0;0;0;00000000;
1041;Erdtree's Favor +1;1;0;000000;310410;-1;1.5;0;0;1500;400170;0;0;18041;-1;-1;-1;0;0;0;2;0;10;-1;-1;-1;1;0;0;1;1;1;2;2;0000;0;1040;00;-1;0;0;0;0;00000000;
1042;Erdtree's Favor +2;1;0;000000;310420;-1;1.5;0;0;3000;400180;0;0;18042;-1;-1;-1;0;0;0;2;0;10;-1;-1;-1;1;0;0;1;1;1;2;3;0000;0;1040;00;17;0;0;0;0;00000000;
1050;Radagon's Scarseal;1;0;000000;310500;-1;0.8;0;0;3000;400190;0;0;18050;-1;-1;-1;0;0;0;2;0;10;-1;-1;-1;1;0;0;1;1;1;2;2;0000;0;1050;00;-1;0;0;0;0;00000000;
1051;Radagon's Soreseal;1;0;000000;310510;-1;0.8;0;0;3000;400200;0;0;18051;-1;-1;-1;0;0;0;2;0;10;-1;-1;-1;1;0;0;1;1;1;2;3;0000;0;1050;00;17;0;0;0;0;00000000;
1060;Starscourge Heirloom;1;0;000000;310600;-1;0.8;0;0;1000;400230;0;0;18070;-1;-1;-1;0;0;0;2;0;10;-1;-1;-1;1;0;0;1;1;1;2;2;0000;0;1060;00;-1;0;0;0;0;00000000;
1070;Prosthesis-Wearer Heirloom;1;0;000000;310700;-1;0.8;0;0;1000;400240;0;0;18080;-1;-1;-1;0;0;0;2;0;10;-1;-1;-1;1;0;0;1;1;1;2;2;0000;0;1070;00;-1;0;0;0;0;00000000;
1080;Stargazer Heirloom;1;0;000000;310800;-1;0.6;0;0;1000;400250;0;0;18090;-1;-1;-1;0;0;0;2;0;10;-1;-1;-1;1;0;0;1;1;1;2;2;0000;0;1080;00;-1;0;0;0;0;00000000;
1090;Two Fingers Heirloom;1;0;000000;310900;-1;0.6;0;0;1000;400260;0;0;18100;-1;-1;-1;0;0;0;2;0;10;-1;-1;-1;1;0;0;1;1;1;2;2;0000;0;1090;00;-1;0;0;0;0;00000000;
1100;Silver Scarab;1;0;000000;311000;-1;1.2;0;0;500;406150;0;0;18110;-1;-1;-1;0;0;0;2;0;70;-1;-1;-1;1;0;0;1;1;1;2;2;0000;0;1100;00;-1;0;0;0;0;00000000;
1110;Gold Scarab;1;0;000000;311100;-1;1.2;0;0;500;406140;0;0;18120;-1;-1;-1;0;0;0;2;0;70;-1;-1;-1;1;0;0;1;1;1;2;2;0000;0;1110;00;-1;0;0;0;0;00000000;
1140;Moon of Nokstella;1;0;000000;311400;-1;0.8;0;0;2000;403050;0;0;18150;-1;-1;-1;0;0;0;2;0;40;-1;-1;-1;1;0;0;1;1;1;2;3;0000;0;1140;00;17;0;0;0;0;00000000;
1150;Green Turtle Talisman;1;0;000000;311500;-1;0.7;0;0;500;400120;0;0;18160;-1;-1;-1;0;0;0;2;0;10;-1;-1;-1;1;0;0;1;1;1;2;2;0000;0;1150;00;-1;0;0;0;0;00000000;
1160;Stalwart Horn Charm;1;0;000000;311600;-1;0.6;0;0;500;401210;0;0;18170;-1;-1;-1;0;0;0;2;0;20;-1;-1;-1;1;0;0;1;1;1;2;2;0000;0;1160;00;-1;0;0;0;0;00000000;
1161;Stalwart Horn Charm +1;1;0;000000;311610;-1;0.6;0;0;1000;401220;0;0;18171;-1;-1;-1;0;0;0;2;0;20;-1;-1;-1;1;0;0;1;1;1;2;2;0000;0;1160;00;-1;0;0;0;0;00000000;
1170;Immunizing Horn Charm;1;0;000000;311700;-1;0.6;0;0;500;401190;0;0;18180;-1;-1;-1;0;0;0;2;0;20;-1;-1;-1;1;0;0;1;1;1;2;2;0000;0;1170;00;-1;0;0;0;0;00000000;
1171;Immunizing Horn Charm +1;1;0;000000;311710;-1;0.6;0;0;1000;401200;0;0;18181;-1;-1;-1;0;0;0;2;0;20;-1;-1;-1;1;0;0;1;1;1;2;2;0000;0;1170;00;-1;0;0;0;0;00000000;
1180;Clarifying Horn Charm;1;0;000000;311800;-1;0.6;0;0;500;401230;0;0;18190;-1;-1;-1;0;0;0;2;0;20;-1;-1;-1;1;0;0;1;1;1;2;2;0000;0;1180;00;-1;0;0;0;0;00000000;
1181;Clarifying Horn Charm +1;1;0;000000;311810;-1;0.6;0;0;1000;401240;0;0;18191;-1;-1;-1;0;0;0;2;0;20;-1;-1;-1;1;0;0;1;1;1;2;2;0000;0;1180;00;-1;0;0;0;0;00000000;
1190;Prince of Death's Pustule;1;0;000000;311900;-1;0.6;0;0;500;401270;0;0;3220;-1;-1;-1;0;0;0;2;0;20;-1;-1;-1;1;0;0;1;1;1;2;2;0000;0;1190;00;-1;0;0;0;0;00000000;
1191;Prince of Death's Cyst;1;0;000000;311910;-1;0.6;0;0;1000;401280;0;0;18201;-1;-1;-1;0;0;0;2;0;20;-1;-1;-1;1;0;0;1;1;1;2;2;0000;0;1190;00;-1;0;0;0;0;00000000;
1200;Mottled Necklace;1;0;000000;312000;-1;0.9;0;0;1000;401250;0;0;18210;-1;-1;-1;0;0;0;2;0;20;-1;-1;-1;1;0;0;1;1;1;2;2;0000;0;1200;00;-1;0;0;0;0;00000000;
1201;Mottled Necklace +1;1;0;000000;312010;-1;0.9;0;0;2000;401260;0;0;18211;-1;-1;-1;0;0;0;2;0;20;-1;-1;-1;1;0;0;1;1;1;2;2;0000;0;1200;00;-1;0;0;0;0;00000000;
1210;Bull-Goat's Talisman;1;0;000000;312100;-1;0.5;0;0;1000;405000;0;0;18220;-1;-1;-1;0;0;0;2;0;60;-1;-1;-1;1;0;0;1;1;1;2;2;0000;0;1210;00;-1;0;0;0;0;00000000;
1220;Marika's Scarseal;1;0;000000;312200;-1;0.8;0;0;3000;400210;0;0;18060;-1;-1;-1;0;0;0;2;0;10;-1;-1;-1;1;0;0;1;1;1;2;2;0000;0;1220;00;-1;0;0;0;0;00000000;
1221;Marika's Soreseal;1;0;000000;312210;-1;0.8;0;0;3000;400220;0;0;18061;-1;-1;-1;0;0;0;2;0;10;-1;-1;-1;1;0;0;1;1;1;2;3;0000;0;1220;00;17;0;0;0;0;00000000;
1230;Warrior Jar Shard;1;0;000000;312300;-1;0.9;0;0;500;404040;0;0;18870;-1;-1;-1;0;0;0;2;0;50;-1;-1;-1;1;0;0;1;1;1;2;2;0000;0;1230;00;-1;0;0;0;0;00000000;
1231;Shard of Alexander;1;0;000000;312310;-1;0.9;0;0;1000;404050;0;0;18871;-1;-1;-1;0;0;0;2;0;50;-1;-1;-1;1;0;0;1;1;1;2;2;0000;0;1230;00;-1;0;0;0;0;00000000;
1250;Millicent's Prosthesis;1;0;000000;312500;-1;1.6;0;0;1000;406080;0;0;18890;-1;-1;-1;0;0;0;2;0;70;-1;-1;-1;1;0;0;1;1;1;2;2;0000;0;1250;00;-1;312501;312502;312503;312504;00000000;
2000;Magic Scorpion Charm;1;0;000000;320000;-1;0.8;0;0;500;405020;0;0;18230;-1;-1;-1;0;0;0;2;0;60;-1;-1;-1;1;0;0;1;1;1;2;2;0000;0;2000;00;-1;0;0;0;0;00000000;
2010;Lightning Scorpion Charm;1;0;000000;320100;-1;0.8;0;0;500;405040;0;0;18240;-1;-1;-1;0;0;0;2;0;60;-1;-1;-1;1;0;0;1;1;1;2;2;0000;0;2010;00;-1;0;0;0;0;00000000;
2020;Fire Scorpion Charm;1;0;000000;320200;-1;0.8;0;0;500;405030;0;0;18250;-1;-1;-1;0;0;0;2;0;60;-1;-1;-1;1;0;0;1;1;1;2;2;0000;0;2020;00;-1;0;0;0;0;00000000;
2030;Sacred Scorpion Charm;1;0;000000;320300;-1;0.8;0;0;500;405050;0;0;18260;-1;-1;-1;0;0;0;2;0;60;-1;-1;-1;1;0;0;1;1;1;2;2;0000;0;2030;00;-1;0;0;0;0;00000000;
2040;Red-Feathered Branchsword;1;0;000000;320400;-1;1.4;0;0;500;406000;0;0;18270;-1;-1;-1;0;0;0;2;0;70;-1;-1;-1;1;0;0;1;1;1;2;2;0000;0;2040;00;-1;0;0;0;0;00000000;
2050;Ritual Sword Talisman;1;0;000000;320500;-1;0.9;0;0;500;406020;0;0;18280;-1;-1;-1;0;0;0;2;0;70;-1;-1;-1;1;0;0;1;1;1;2;2;0000;0;2050;00;-1;0;0;0;0;00000000;
2060;Spear Talisman;1;0;000000;320600;-1;0.5;0;0;500;402050;0;0;18290;-1;-1;-1;0;0;0;2;0;30;-1;-1;-1;1;0;0;1;1;1;2;2;0000;0;2060;00;-1;0;0;0;0;00000000;
2070;Hammer Talisman;1;0;000000;320700;-1;0.9;0;0;500;402040;0;0;18300;-1;-1;-1;0;0;0;2;0;30;-1;-1;-1;1;0;0;1;1;1;2;2;0000;0;2070;00;-1;0;0;0;0;00000000;
2080;Winged Sword Insignia;1;0;000000;320800;-1;1.4;0;0;500;406060;0;0;18310;-1;-1;-1;0;0;0;2;0;70;-1;-1;-1;1;0;0;1;1;1;2;2;0000;0;2080;00;-1;320801;320802;320803;0;00000000;
2081;Rotten Winged Sword Insignia;1;0;000000;320810;-1;1.4;0;0;500;406070;0;0;18311;-1;-1;-1;0;0;0;2;0;70;-1;-1;-1;1;0;0;1;1;1;2;2;0000;0;2080;00;-1;320811;320812;320813;0;00000000;
2090;Dagger Talisman;1;0;000000;320900;-1;1.1;0;0;500;402000;0;0;18320;-1;-1;-1;0;0;0;2;0;30;-1;-1;-1;1;0;0;1;1;1;2;2;0000;0;2090;00;-1;0;0;0;0;00000000;
2100;Arrow's Reach Talisman;1;0;000000;321000;-1;0.7;0;0;500;402100;0;0;18330;-1;-1;-1;0;0;0;2;0;30;-1;-1;-1;1;0;0;1;1;1;2;2;0000;0;2100;00;-1;0;0;0;0;00000000;
2110;Blue Dancer Charm;1;0;000000;321100;-1;0.9;0;0;500;405010;0;0;18350;-1;-1;-1;0;0;0;2;0;60;-1;-1;-1;1;0;0;1;1;1;2;2;0000;0;2110;00;-1;0;0;0;0;00000000;
2120;Twinblade Talisman;1;0;000000;321200;-1;0.7;0;0;500;402020;0;0;18360;-1;-1;-1;0;0;0;2;0;30;-1;-1;-1;1;0;0;1;1;1;2;2;0000;0;2120;00;-1;0;0;0;0;00000000;
2130;Axe Talisman;1;0;000000;321300;-1;0.8;0;0;500;402030;0;0;18370;-1;-1;-1;0;0;0;2;0;30;-1;-1;-1;1;0;0;1;1;1;2;2;0000;0;2130;00;-1;0;0;0;0;00000000;
2140;Lance Talisman;1;0;000000;321400;-1;0.7;0;0;500;402060;0;0;18380;-1;-1;-1;0;0;0;2;0;30;-1;-1;-1;1;0;0;1;1;1;2;2;0000;0;2140;00;-1;0;0;0;0;00000000;
2150;Arrow's Sting Talisman;1;0;000000;321500;-1;0.7;0;0;500;402090;0;0;18340;-1;-1;-1;0;0;0;2;0;30;-1;-1;-1;1;0;0;1;1;1;2;2;0000;0;2150;00;-1;0;0;0;0;00000000;
2160;Lord of Blood's Exultation;1;0;000000;321600;-1;0.9;0;0;500;406110;0;0;18390;-1;-1;-1;0;0;0;2;0;70;-1;-1;-1;1;0;0;1;1;1;2;2;0000;0;2160;00;-1;0;0;0;0;00000000;
2170;Kindred of Rot's Exultation;1;0;000000;321700;-1;0.9;0;0;500;406100;0;0;18400;-1;-1;-1;0;0;0;2;0;70;-1;-1;-1;1;0;0;1;1;1;2;2;0000;0;2170;00;-1;0;0;0;0;00000000;
2180;Claw Talisman;1;0;000000;321800;-1;0.7;0;0;500;402070;0;0;18800;-1;-1;-1;0;0;0;2;0;30;-1;-1;-1;1;0;0;1;1;1;2;2;0000;0;2180;00;-1;0;0;0;0;00000000;
2190;Roar Medallion;1;0;000000;321900;-1;0.7;0;0;500;404000;0;0;18810;-1;-1;-1;0;0;0;2;0;50;-1;-1;-1;1;0;0;1;1;1;2;2;0000;0;2190;00;-1;0;0;0;0;00000000;
2200;Curved Sword Talisman;0;0;000000;322000;-1;0.7;0;0;500;402010;0;0;18820;-1;-1;-1;0;0;0;2;0;30;-1;-1;-1;1;0;0;1;1;1;2;2;0000;0;2200;00;-1;0;0;0;0;00000000;
2210;Companion Jar;1;0;000000;322100;-1;0.6;0;0;500;404010;0;0;18830;-1;-1;-1;0;0;0;2;0;50;-1;-1;-1;1;0;0;1;1;1;2;2;0000;0;2210;00;-1;0;0;0;0;00000000;
2220;Perfumer's Talisman;1;0;000000;322200;-1;0.6;0;0;500;404020;0;0;18840;-1;-1;-1;0;0;0;2;0;50;-1;-1;-1;1;0;0;1;1;1;2;2;0000;0;2220;00;-1;0;0;0;0;00000000;
3000;Graven-School Talisman;1;0;000000;330000;-1;0.7;0;0;1000;403000;0;0;18410;-1;-1;-1;0;0;0;2;0;40;-1;-1;-1;1;0;0;1;1;1;2;2;0000;0;3000;00;-1;0;0;0;0;00000000;
3001;Graven-Mass Talisman;1;0;000000;330010;-1;1;0;0;2000;403010;0;0;18411;-1;-1;-1;0;0;0;2;0;40;-1;-1;-1;1;0;0;1;1;1;2;2;0000;0;3001;00;-1;0;0;0;0;00000000;
3040;Faithful's Canvas Talisman;1;0;000000;330400;-1;0.7;0;0;1000;403020;0;0;18440;-1;-1;-1;0;0;0;2;0;40;-1;-1;-1;1;0;0;1;1;1;2;2;0000;0;3040;00;-1;0;0;0;0;00000000;
3050;Flock's Canvas Talisman;1;0;000000;330500;-1;1;0;0;2000;403030;0;0;18450;-1;-1;-1;0;0;0;2;0;40;-1;-1;-1;1;0;0;1;1;1;2;2;0000;0;3050;00;-1;0;0;0;0;00000000;
3060;Old Lord's Talisman;1;0;000000;330600;-1;0.5;0;0;1000;403060;0;0;18460;-1;-1;-1;0;0;0;2;0;40;-1;-1;-1;1;0;0;1;1;1;2;3;0000;0;3060;00;17;0;0;0;0;00000000;
3070;Radagon Icon;1;0;000000;330700;-1;0.7;0;0;1000;403070;0;0;18470;-1;-1;-1;0;0;0;2;0;40;-1;-1;-1;1;0;0;1;1;1;2;3;0000;0;3070;00;17;0;0;0;0;00000000;
3080;Primal Glintstone Blade;1;0;000000;330800;-1;0.6;0;0;2000;403040;0;0;18480;-1;-1;-1;0;0;0;2;0;40;-1;-1;-1;1;0;0;1;1;1;2;2;0000;0;3080;00;-1;0;0;0;0;00000000;
3090;Godfrey Icon;1;0;000000;330900;-1;0.8;0;0;1000;404060;0;0;18860;-1;-1;-1;0;0;0;2;0;50;-1;-1;-1;1;0;0;1;1;1;2;3;0000;0;3090;00;17;0;0;0;0;00000000;
4000;Dragoncrest Shield Talisman;1;0;000000;340000;-1;0.8;0;0;100;401000;0;0;18490;-1;-1;-1;0;0;0;2;0;20;-1;-1;-1;1;0;0;1;1;1;2;2;0000;0;4000;00;-1;0;0;0;0;00000000;
4001;Dragoncrest Shield Talisman +1;1;0;000000;340010;-1;0.8;0;0;500;401010;0;0;18491;-1;-1;-1;0;0;0;2;0;20;-1;-1;-1;1;0;0;1;1;1;2;2;0000;0;4000;00;-1;0;0;0;0;00000000;
4002;Dragoncrest Shield Talisman +2;1;0;000000;340020;-1;0.8;0;0;1000;401020;0;0;18492;-1;-1;-1;0;0;0;2;0;20;-1;-1;-1;1;0;0;1;1;1;2;2;0000;0;4000;00;-1;0;0;0;0;00000000;
4003;Dragoncrest Greatshield Talisman;1;0;000000;340030;-1;0.8;0;0;2000;401030;0;0;18493;-1;-1;-1;0;0;0;2;0;20;-1;-1;-1;1;0;0;1;1;1;2;3;0000;0;4000;00;17;0;0;0;0;00000000;
4010;Spelldrake Talisman;1;0;000000;340100;-1;0.6;0;0;100;401040;0;0;18500;-1;-1;-1;0;0;0;2;0;20;-1;-1;-1;1;0;0;1;1;1;2;2;0000;0;4010;00;-1;0;0;0;0;00000000;
4011;Spelldrake Talisman +1;1;0;000000;340110;-1;0.6;0;0;500;401050;0;0;18501;-1;-1;-1;0;0;0;2;0;20;-1;-1;-1;1;0;0;1;1;1;2;2;0000;0;4010;00;-1;0;0;0;0;00000000;
4012;Spelldrake Talisman +2;1;0;000000;340120;-1;0.6;0;0;1000;401060;0;0;18502;-1;-1;-1;0;0;0;2;0;20;-1;-1;-1;1;0;0;1;1;1;2;2;0000;0;4010;00;-1;0;0;0;0;00000000;
4020;Flamedrake Talisman;1;0;000000;340200;-1;0.6;0;0;100;401070;0;0;18510;-1;-1;-1;0;0;0;2;0;20;-1;-1;-1;1;0;0;1;1;1;2;2;0000;0;4020;00;-1;0;0;0;0;00000000;
4021;Flamedrake Talisman +1;1;0;000000;340210;-1;0.6;0;0;500;401080;0;0;18511;-1;-1;-1;0;0;0;2;0;20;-1;-1;-1;1;0;0;1;1;1;2;2;0000;0;4020;00;-1;0;0;0;0;00000000;
4022;Flamedrake Talisman +2;1;0;000000;340220;-1;0.6;0;0;1000;401090;0;0;18512;-1;-1;-1;0;0;0;2;0;20;-1;-1;-1;1;0;0;1;1;1;2;2;0000;0;4020;00;-1;0;0;0;0;00000000;
4030;Boltdrake Talisman;1;0;000000;340300;-1;0.6;0;0;100;401100;0;0;18520;-1;-1;-1;0;0;0;2;0;20;-1;-1;-1;1;0;0;1;1;1;2;2;0000;0;4030;00;-1;0;0;0;0;00000000;
4031;Boltdrake Talisman +1;1;0;000000;340310;-1;0.6;0;0;500;401110;0;0;18521;-1;-1;-1;0;0;0;2;0;20;-1;-1;-1;1;0;0;1;1;1;2;2;0000;0;4030;00;-1;0;0;0;0;00000000;
4032;Boltdrake Talisman +2;1;0;000000;340320;-1;0.6;0;0;1000;401120;0;0;18522;-1;-1;-1;0;0;0;2;0;20;-1;-1;-1;1;0;0;1;1;1;2;2;0000;0;4030;00;-1;0;0;0;0;00000000;
4040;Haligdrake Talisman;1;0;000000;340400;-1;0.6;0;0;100;401130;0;0;18530;-1;-1;-1;0;0;0;2;0;20;-1;-1;-1;1;0;0;1;1;1;2;2;0000;0;4040;00;-1;0;0;0;0;00000000;
4041;Haligdrake Talisman +1;1;0;000000;340410;-1;0.6;0;0;500;401140;0;0;18531;-1;-1;-1;0;0;0;2;0;20;-1;-1;-1;1;0;0;1;1;1;2;2;0000;0;4040;00;-1;0;0;0;0;00000000;
4042;Haligdrake Talisman +2;1;0;000000;340420;-1;0.6;0;0;1000;401150;0;0;18532;-1;-1;-1;0;0;0;2;0;20;-1;-1;-1;1;0;0;1;1;1;2;2;0000;0;4040;00;-1;0;0;0;0;00000000;
4050;Pearldrake Talisman;1;0;000000;340500;-1;0.9;0;0;100;401160;0;0;18540;-1;-1;-1;0;0;0;2;0;20;-1;-1;-1;1;0;0;1;1;1;2;2;0000;0;4050;00;-1;0;0;0;0;00000000;
4051;Pearldrake Talisman +1;1;0;000000;340510;-1;0.9;0;0;500;401170;0;0;18541;-1;-1;-1;0;0;0;2;0;20;-1;-1;-1;1;0;0;1;1;1;2;2;0000;0;4050;00;-1;0;0;0;0;00000000;
4052;Pearldrake Talisman +2;1;0;000000;340520;-1;0.9;0;0;1000;401180;0;0;18542;-1;-1;-1;0;0;0;2;0;20;-1;-1;-1;1;0;0;1;1;1;2;2;0000;0;4050;00;-1;0;0;0;0;00000000;
4060;Crucible Scale Talisman;1;0;000000;340600;-1;1.1;0;0;500;405060;0;0;18550;-1;-1;-1;0;0;0;2;0;60;-1;-1;-1;1;0;0;1;1;1;2;2;0000;0;4060;00;-1;0;0;0;0;00000000;
4070;Crucible Feather Talisman;1;0;000000;340700;-1;0.8;0;0;1000;405070;0;0;18560;-1;-1;-1;0;0;0;2;0;60;-1;-1;-1;1;0;0;1;1;1;2;2;0000;0;4070;00;-1;0;0;0;0;00000000;
4080;Blue-Feathered Branchsword;1;0;000000;340800;-1;1.1;0;0;500;406010;0;0;18570;-1;-1;-1;0;0;0;2;0;70;-1;-1;-1;1;0;0;1;1;1;2;2;0000;0;4080;00;-1;0;0;0;0;00000000;
4090;Ritual Shield Talisman;1;0;000000;340900;-1;0.9;0;0;500;406030;0;0;18580;-1;-1;-1;0;0;0;2;0;70;-1;-1;-1;1;0;0;1;1;1;2;2;0000;0;4090;00;-1;0;0;0;0;00000000;
4100;Greatshield Talisman;1;0;000000;341000;-1;0.9;0;0;500;402080;0;0;18590;-1;-1;-1;0;0;0;2;0;30;-1;-1;-1;1;0;0;1;1;1;2;2;0000;0;4100;00;-1;0;0;0;0;00000000;
4110;Crucible Knot Talisman;1;0;000000;341100;-1;0.5;0;0;500;405080;0;0;18600;-1;-1;-1;0;0;0;2;0;60;-1;-1;-1;1;0;0;1;1;1;2;2;0000;0;4110;00;-1;0;0;0;0;00000000;
5000;Crimson Seed Talisman;1;0;000000;350000;-1;0.8;0;0;1000;400030;0;0;18610;-1;-1;-1;0;0;0;2;0;10;-1;-1;-1;1;0;0;1;1;1;2;2;0000;0;5000;00;-1;0;0;0;0;00000000;
5010;Cerulean Seed Talisman;1;0;000000;350100;-1;0.8;0;0;1000;400080;0;0;18620;-1;-1;-1;0;0;0;2;0;10;-1;-1;-1;1;0;0;1;1;1;2;2;0000;0;5010;00;-1;0;0;0;0;00000000;
5020;Blessed Dew Talisman;1;0;000000;350200;-1;0.6;0;0;1000;400040;0;0;18630;-1;-1;-1;0;0;0;2;0;10;-1;-1;-1;1;0;0;1;1;1;2;2;0000;0;5020;00;-1;0;0;0;0;00000000;
5030;Taker's Cameo;1;0;000000;350300;-1;1;0;0;1000;406120;0;0;18640;-1;-1;-1;0;0;0;2;0;70;-1;-1;-1;1;0;0;1;1;1;2;2;0000;0;5030;00;-1;0;0;0;0;00000000;
5040;Godskin Swaddling Cloth;1;0;000000;350400;-1;0.9;0;0;1000;406090;0;0;18650;-1;-1;-1;0;0;0;2;0;70;-1;-1;-1;1;0;0;1;1;1;2;2;0000;0;5040;00;-1;0;0;0;0;00000000;
5050;Assassin's Crimson Dagger;1;0;000000;350500;-1;0.8;0;0;1500;406040;0;0;18660;-1;-1;-1;0;0;0;2;0;70;-1;-1;-1;1;0;0;1;1;1;2;2;0000;0;5050;00;-1;0;0;0;0;00000000;
5060;Assassin's Cerulean Dagger;1;0;000000;350600;-1;0.8;0;0;1500;406050;0;0;18670;-1;-1;-1;0;0;0;2;0;70;-1;-1;-1;1;0;0;1;1;1;2;2;0000;0;5060;00;-1;0;0;0;0;00000000;
6000;Crepus's Vial;1;0;000000;360000;-1;0.7;0;0;500;407000;0;0;18680;-1;-1;-1;0;0;0;2;0;80;-1;-1;-1;1;0;0;1;1;1;2;2;0000;0;6000;00;-1;0;0;0;0;00000000;
6010;Concealing Veil;1;0;000000;360100;-1;0.9;0;0;500;407010;0;0;18690;-1;-1;-1;0;0;0;2;0;80;-1;-1;-1;1;0;0;1;1;1;2;2;0000;0;6010;00;-1;0;0;0;0;00000000;
6020;Carian Filigreed Crest;1;0;000000;360200;-1;0.8;0;0;1000;404030;0;0;18700;-1;-1;-1;0;0;0;2;0;50;-1;-1;-1;1;0;0;1;1;1;2;2;0000;0;6020;00;-1;0;0;0;0;00000000;
6040;Longtail Cat Talisman;1;0;000000;360400;-1;0.6;0;0;500;407020;0;0;18720;-1;-1;-1;0;0;0;2;0;80;-1;-1;-1;1;0;0;1;1;1;2;2;0000;0;6040;00;-1;0;0;0;0;00000000;
6050;Shabriri's Woe;1;0;000000;360500;-1;0.6;0;0;500;407050;0;0;18730;-1;-1;-1;0;0;0;2;0;80;-1;-1;-1;1;0;0;1;1;1;2;2;0000;0;6050;00;-1;0;0;0;0;00000000;
6060;Daedicar's Woe;1;0;000000;360600;-1;0.8;0;0;500;407060;0;0;18740;-1;-1;-1;0;0;0;2;0;80;-1;-1;-1;1;0;0;1;1;1;2;2;0000;0;6060;00;-1;0;0;0;0;00000000;
6070;Sacrificial Twig;1;0;000000;360700;-1;1;0;0;1000;407070;0;0;18750;-1;-1;-1;0;0;0;2;0;80;-1;-1;-1;1;0;0;1;1;1;2;1;0000;0;6070;00;-1;0;0;0;0;00000000;
6080;Furled Finger's Trick-Mirror;1;0;000000;360800;-1;0.7;0;0;1000;407030;0;0;18760;-1;-1;-1;0;0;0;2;0;80;-1;-1;-1;1;0;0;1;1;1;2;2;0000;0;6080;00;-1;0;0;0;0;00000000;
6090;Host's Trick-Mirror;1;0;000000;360900;-1;0.7;0;0;1000;407040;0;0;18770;-1;-1;-1;0;0;0;2;0;80;-1;-1;-1;1;0;0;1;1;1;2;2;0000;0;6080;00;-1;0;0;0;0;00000000;
6100;Entwining Umbilical Cord;1;0;000000;361000;-1;0.5;0;0;1000;999999;0;0;18780;-1;-1;-1;0;0;0;2;0;255;-1;-1;-1;1;0;0;1;0;1;2;2;0000;0;6100;00;-1;0;0;0;0;00000000;
6110;Ancestral Spirit's Horn;1;0;000000;361100;-1;1.2;0;0;500;406130;0;0;18880;-1;-1;-1;0;0;0;2;0;70;-1;-1;-1;1;0;0;1;1;1;2;3;0000;0;6110;00;-1;0;0;0;0;00000000;
999999999;;1;0;000000;361100;-1;0.8;0;0;100;9999999;0;0;18880;-1;-1;-1;0;0;0;2;0;255;-1;-1;-1;1;0;0;1;0;1;2;1;0000;0;6100;00;-1;0;0;0;0;00000000;
