﻿<?xml version="1.0" encoding="utf-8"?>
<fmg>
<compression>None</compression>
<version>DarkSouls3</version>
<bigendian>False</bigendian>
<entries>
<text id="1">%null%</text>
<text id="2">%null%</text>
<text id="100">Summons Stalker to face invading Broken Finger</text>
<text id="101">Be summoned to worlds invaded by Broken Fingers</text>
<text id="1000">Raises maximum HP</text>
<text id="1001">Greatly raises maximum HP</text>
<text id="1002">Vastly raises maximum HP</text>
<text id="1003">%null%</text>
<text id="1004">%null%</text>
<text id="1005">%null%</text>
<text id="1006">%null%</text>
<text id="1007">%null%</text>
<text id="1008">%null%</text>
<text id="1009">%null%</text>
<text id="1010">Raises maximum FP</text>
<text id="1011">Greatly raises maximum FP</text>
<text id="1012">Vastly raises maximum FP</text>
<text id="1013">%null%</text>
<text id="1014">%null%</text>
<text id="1015">%null%</text>
<text id="1016">%null%</text>
<text id="1017">%null%</text>
<text id="1018">%null%</text>
<text id="1019">%null%</text>
<text id="1020">Raises maximum stamina</text>
<text id="1021">Greatly raises maximum stamina</text>
<text id="1022">Vastly raises maximum stamina</text>
<text id="1023">%null%</text>
<text id="1024">%null%</text>
<text id="1025">%null%</text>
<text id="1026">%null%</text>
<text id="1027">%null%</text>
<text id="1028">%null%</text>
<text id="1029">%null%</text>
<text id="1030">Raises maximum equipment load</text>
<text id="1031">Greatly raises maximum equip load</text>
<text id="1032">Vastly raises maximum equip load</text>
<text id="1033">%null%</text>
<text id="1034">%null%</text>
<text id="1035">%null%</text>
<text id="1036">%null%</text>
<text id="1037">%null%</text>
<text id="1038">%null%</text>
<text id="1039">%null%</text>
<text id="1040">Raises maximum HP, stamina and equip load</text>
<text id="1041">Raises maximum HP, stamina and equip load</text>
<text id="1042">Raises maximum HP, stamina and equip load</text>
<text id="1043">%null%</text>
<text id="1044">%null%</text>
<text id="1045">%null%</text>
<text id="1046">%null%</text>
<text id="1047">%null%</text>
<text id="1048">%null%</text>
<text id="1049">%null%</text>
<text id="1050">Raises attributes, but also increases damage taken</text>
<text id="1051">Greatly raises attributes, but also increases damage taken</text>
<text id="1052">%null%</text>
<text id="1053">%null%</text>
<text id="1054">%null%</text>
<text id="1055">%null%</text>
<text id="1056">%null%</text>
<text id="1057">%null%</text>
<text id="1058">%null%</text>
<text id="1059">%null%</text>
<text id="1060">Raises strength</text>
<text id="1061">%null%</text>
<text id="1062">%null%</text>
<text id="1063">%null%</text>
<text id="1064">%null%</text>
<text id="1065">%null%</text>
<text id="1066">%null%</text>
<text id="1067">%null%</text>
<text id="1068">%null%</text>
<text id="1069">%null%</text>
<text id="1070">Raises dexterity</text>
<text id="1071">%null%</text>
<text id="1072">%null%</text>
<text id="1073">%null%</text>
<text id="1074">%null%</text>
<text id="1075">%null%</text>
<text id="1076">%null%</text>
<text id="1077">%null%</text>
<text id="1078">%null%</text>
<text id="1079">%null%</text>
<text id="1080">Raises intelligence</text>
<text id="1081">%null%</text>
<text id="1082">%null%</text>
<text id="1083">%null%</text>
<text id="1084">%null%</text>
<text id="1085">%null%</text>
<text id="1086">%null%</text>
<text id="1087">%null%</text>
<text id="1088">%null%</text>
<text id="1089">%null%</text>
<text id="1090">Raises faith</text>
<text id="1091">%null%</text>
<text id="1092">%null%</text>
<text id="1093">%null%</text>
<text id="1094">%null%</text>
<text id="1095">%null%</text>
<text id="1096">%null%</text>
<text id="1097">%null%</text>
<text id="1098">%null%</text>
<text id="1099">%null%</text>
<text id="1100">Raises item discovery</text>
<text id="1101">%null%</text>
<text id="1102">%null%</text>
<text id="1103">%null%</text>
<text id="1104">%null%</text>
<text id="1105">%null%</text>
<text id="1106">%null%</text>
<text id="1107">%null%</text>
<text id="1108">%null%</text>
<text id="1109">%null%</text>
<text id="1110">Increases runes obtained from defeated enemies</text>
<text id="1140">Increases memory slots</text>
<text id="1141">%null%</text>
<text id="1142">%null%</text>
<text id="1143">%null%</text>
<text id="1144">%null%</text>
<text id="1145">%null%</text>
<text id="1146">%null%</text>
<text id="1147">%null%</text>
<text id="1148">%null%</text>
<text id="1149">%null%</text>
<text id="1150">Raises stamina recovery speed</text>
<text id="1151">%null%</text>
<text id="1152">%null%</text>
<text id="1153">%null%</text>
<text id="1154">%null%</text>
<text id="1155">%null%</text>
<text id="1156">%null%</text>
<text id="1157">%null%</text>
<text id="1158">%null%</text>
<text id="1159">%null%</text>
<text id="1160">Raises robustness</text>
<text id="1161">Greatly raises robustness</text>
<text id="1162">%null%</text>
<text id="1163">%null%</text>
<text id="1164">%null%</text>
<text id="1165">%null%</text>
<text id="1166">%null%</text>
<text id="1167">%null%</text>
<text id="1168">%null%</text>
<text id="1169">%null%</text>
<text id="1170">Raises immunity</text>
<text id="1171">Greatly raises immunity</text>
<text id="1172">%null%</text>
<text id="1173">%null%</text>
<text id="1174">%null%</text>
<text id="1175">%null%</text>
<text id="1176">%null%</text>
<text id="1177">%null%</text>
<text id="1178">%null%</text>
<text id="1179">%null%</text>
<text id="1180">Raises focus</text>
<text id="1181">Greatly raises focus</text>
<text id="1182">%null%</text>
<text id="1183">%null%</text>
<text id="1184">%null%</text>
<text id="1185">%null%</text>
<text id="1186">%null%</text>
<text id="1187">%null%</text>
<text id="1188">%null%</text>
<text id="1189">%null%</text>
<text id="1190">Raises vitality</text>
<text id="1191">Greatly raises vitality</text>
<text id="1192">%null%</text>
<text id="1193">%null%</text>
<text id="1194">%null%</text>
<text id="1195">%null%</text>
<text id="1196">%null%</text>
<text id="1197">%null%</text>
<text id="1198">%null%</text>
<text id="1199">%null%</text>
<text id="1200">Raises robustness, immunity, and focus</text>
<text id="1201">Greatly raises robustness, immunity, and focus</text>
<text id="1202">%null%</text>
<text id="1203">%null%</text>
<text id="1204">%null%</text>
<text id="1205">%null%</text>
<text id="1206">%null%</text>
<text id="1207">%null%</text>
<text id="1208">%null%</text>
<text id="1209">%null%</text>
<text id="1210">Raises poise</text>
<text id="1211">%null%</text>
<text id="1212">%null%</text>
<text id="1213">%null%</text>
<text id="1214">%null%</text>
<text id="1215">%null%</text>
<text id="1216">%null%</text>
<text id="1217">%null%</text>
<text id="1218">%null%</text>
<text id="1219">%null%</text>
<text id="1220">Raises attributes, but also increases damage taken</text>
<text id="1221">Greatly raises attributes, but also increases damage taken</text>
<text id="1222">%null%</text>
<text id="1223">%null%</text>
<text id="1224">%null%</text>
<text id="1225">%null%</text>
<text id="1226">%null%</text>
<text id="1227">%null%</text>
<text id="1228">%null%</text>
<text id="1229">%null%</text>
<text id="1230">Boosts the attack power of skills</text>
<text id="1231">Greatly boosts the attack power of skills</text>
<text id="1232">%null%</text>
<text id="1233">%null%</text>
<text id="1234">%null%</text>
<text id="1235">%null%</text>
<text id="1236">%null%</text>
<text id="1237">%null%</text>
<text id="1238">%null%</text>
<text id="1239">%null%</text>
<text id="1240">%null%</text>
<text id="1241">%null%</text>
<text id="1242">%null%</text>
<text id="1243">%null%</text>
<text id="1244">%null%</text>
<text id="1245">%null%</text>
<text id="1246">%null%</text>
<text id="1247">%null%</text>
<text id="1248">%null%</text>
<text id="1249">%null%</text>
<text id="1250">Boosts dexterity, raises attack power with successive attacks</text>
<text id="2000">Raises magic attack, but lowers damage negation</text>
<text id="2001">%null%</text>
<text id="2002">%null%</text>
<text id="2003">%null%</text>
<text id="2004">%null%</text>
<text id="2005">%null%</text>
<text id="2006">%null%</text>
<text id="2007">%null%</text>
<text id="2008">%null%</text>
<text id="2009">%null%</text>
<text id="2010">Raises lightning attack, but lowers damage negation</text>
<text id="2011">%null%</text>
<text id="2012">%null%</text>
<text id="2013">%null%</text>
<text id="2014">%null%</text>
<text id="2015">%null%</text>
<text id="2016">%null%</text>
<text id="2017">%null%</text>
<text id="2018">%null%</text>
<text id="2019">%null%</text>
<text id="2020">Raises fire attack, but lowers damage negation</text>
<text id="2021">%null%</text>
<text id="2022">%null%</text>
<text id="2023">%null%</text>
<text id="2024">%null%</text>
<text id="2025">%null%</text>
<text id="2026">%null%</text>
<text id="2027">%null%</text>
<text id="2028">%null%</text>
<text id="2029">%null%</text>
<text id="2030">Raises holy attack, but lowers damage negation</text>
<text id="2031">%null%</text>
<text id="2032">%null%</text>
<text id="2033">%null%</text>
<text id="2034">%null%</text>
<text id="2035">%null%</text>
<text id="2036">%null%</text>
<text id="2037">%null%</text>
<text id="2038">%null%</text>
<text id="2039">%null%</text>
<text id="2040">Raises attack power when HP is low</text>
<text id="2041">%null%</text>
<text id="2042">%null%</text>
<text id="2043">%null%</text>
<text id="2044">%null%</text>
<text id="2045">%null%</text>
<text id="2046">%null%</text>
<text id="2047">%null%</text>
<text id="2048">%null%</text>
<text id="2049">%null%</text>
<text id="2050">Raises attack power when HP is at maximum</text>
<text id="2051">%null%</text>
<text id="2052">%null%</text>
<text id="2053">%null%</text>
<text id="2054">%null%</text>
<text id="2055">%null%</text>
<text id="2056">%null%</text>
<text id="2057">%null%</text>
<text id="2058">%null%</text>
<text id="2059">%null%</text>
<text id="2060">Enhances counterattacks unique to thrusting weapons</text>
<text id="2061">%null%</text>
<text id="2062">%null%</text>
<text id="2063">%null%</text>
<text id="2064">%null%</text>
<text id="2065">%null%</text>
<text id="2066">%null%</text>
<text id="2067">%null%</text>
<text id="2068">%null%</text>
<text id="2069">%null%</text>
<text id="2070">Enhances stamina-reducing attacks against blockers</text>
<text id="2071">%null%</text>
<text id="2072">%null%</text>
<text id="2073">%null%</text>
<text id="2074">%null%</text>
<text id="2075">%null%</text>
<text id="2076">%null%</text>
<text id="2077">%null%</text>
<text id="2078">%null%</text>
<text id="2079">%null%</text>
<text id="2080">Raises attack power with successive attacks</text>
<text id="2081">Greatly raises attack power with successive attacks</text>
<text id="2082">%null%</text>
<text id="2083">%null%</text>
<text id="2084">%null%</text>
<text id="2085">%null%</text>
<text id="2086">%null%</text>
<text id="2087">%null%</text>
<text id="2088">%null%</text>
<text id="2089">%null%</text>
<text id="2090">Enhances critical hits</text>
<text id="2091">%null%</text>
<text id="2092">%null%</text>
<text id="2093">%null%</text>
<text id="2094">%null%</text>
<text id="2095">%null%</text>
<text id="2096">%null%</text>
<text id="2097">%null%</text>
<text id="2098">%null%</text>
<text id="2099">%null%</text>
<text id="2100">Increases bow effective range</text>
<text id="2101">%null%</text>
<text id="2102">%null%</text>
<text id="2103">%null%</text>
<text id="2104">%null%</text>
<text id="2105">%null%</text>
<text id="2106">%null%</text>
<text id="2107">%null%</text>
<text id="2108">%null%</text>
<text id="2109">%null%</text>
<text id="2110">Raises attack power with lower equipment load</text>
<text id="2111">%null%</text>
<text id="2112">%null%</text>
<text id="2113">%null%</text>
<text id="2114">%null%</text>
<text id="2115">%null%</text>
<text id="2116">%null%</text>
<text id="2117">%null%</text>
<text id="2118">%null%</text>
<text id="2119">%null%</text>
<text id="2120">Enhances final hit of chain attacks</text>
<text id="2121">%null%</text>
<text id="2122">%null%</text>
<text id="2123">%null%</text>
<text id="2124">%null%</text>
<text id="2125">%null%</text>
<text id="2126">%null%</text>
<text id="2127">%null%</text>
<text id="2128">%null%</text>
<text id="2129">%null%</text>
<text id="2130">Enhances charge attacks</text>
<text id="2131">%null%</text>
<text id="2132">%null%</text>
<text id="2133">%null%</text>
<text id="2134">%null%</text>
<text id="2135">%null%</text>
<text id="2136">%null%</text>
<text id="2137">%null%</text>
<text id="2138">%null%</text>
<text id="2139">%null%</text>
<text id="2140">Enhances attacks on horseback</text>
<text id="2141">%null%</text>
<text id="2142">%null%</text>
<text id="2143">%null%</text>
<text id="2144">%null%</text>
<text id="2145">%null%</text>
<text id="2146">%null%</text>
<text id="2147">%null%</text>
<text id="2148">%null%</text>
<text id="2149">%null%</text>
<text id="2150">Raises attack power of arrows and bolts</text>
<text id="2151">%null%</text>
<text id="2152">%null%</text>
<text id="2153">%null%</text>
<text id="2154">%null%</text>
<text id="2155">%null%</text>
<text id="2156">%null%</text>
<text id="2157">%null%</text>
<text id="2158">%null%</text>
<text id="2159">%null%</text>
<text id="2160">Blood loss in vicinity increases attack power</text>
<text id="2161">%null%</text>
<text id="2162">%null%</text>
<text id="2163">%null%</text>
<text id="2164">%null%</text>
<text id="2165">%null%</text>
<text id="2166">%null%</text>
<text id="2167">%null%</text>
<text id="2168">%null%</text>
<text id="2169">%null%</text>
<text id="2170">Poisoning or rot in vicinity increases attack power</text>
<text id="2171">%null%</text>
<text id="2172">%null%</text>
<text id="2173">%null%</text>
<text id="2174">%null%</text>
<text id="2175">%null%</text>
<text id="2176">%null%</text>
<text id="2177">%null%</text>
<text id="2178">%null%</text>
<text id="2179">%null%</text>
<text id="2180">Enhances jump attacks</text>
<text id="2181">%null%</text>
<text id="2182">%null%</text>
<text id="2183">%null%</text>
<text id="2184">%null%</text>
<text id="2185">%null%</text>
<text id="2186">%null%</text>
<text id="2187">%null%</text>
<text id="2188">%null%</text>
<text id="2189">%null%</text>
<text id="2190">Enhances roars and breath attacks</text>
<text id="2191">%null%</text>
<text id="2192">%null%</text>
<text id="2193">%null%</text>
<text id="2194">%null%</text>
<text id="2195">%null%</text>
<text id="2196">%null%</text>
<text id="2197">%null%</text>
<text id="2198">%null%</text>
<text id="2199">%null%</text>
<text id="2200">Enhances guard counters</text>
<text id="2201">%null%</text>
<text id="2202">%null%</text>
<text id="2203">%null%</text>
<text id="2204">%null%</text>
<text id="2205">%null%</text>
<text id="2206">%null%</text>
<text id="2207">%null%</text>
<text id="2208">%null%</text>
<text id="2209">%null%</text>
<text id="2210">Raises potency of throwing pots</text>
<text id="2211">%null%</text>
<text id="2212">%null%</text>
<text id="2213">%null%</text>
<text id="2214">%null%</text>
<text id="2215">%null%</text>
<text id="2216">%null%</text>
<text id="2217">%null%</text>
<text id="2218">%null%</text>
<text id="2219">%null%</text>
<text id="2220">Raises potency of perfume items</text>
<text id="3000">Raises potency of sorceries</text>
<text id="3001">Greatly raises potency of sorceries</text>
<text id="3040">Raises potency of incantations</text>
<text id="3041">%null%</text>
<text id="3042">%null%</text>
<text id="3043">%null%</text>
<text id="3044">%null%</text>
<text id="3045">%null%</text>
<text id="3046">%null%</text>
<text id="3047">%null%</text>
<text id="3048">%null%</text>
<text id="3049">%null%</text>
<text id="3050">Greatly raises potency of incantations</text>
<text id="3051">%null%</text>
<text id="3052">%null%</text>
<text id="3053">%null%</text>
<text id="3054">%null%</text>
<text id="3055">%null%</text>
<text id="3056">%null%</text>
<text id="3057">%null%</text>
<text id="3058">%null%</text>
<text id="3059">%null%</text>
<text id="3060">Extends spell effect duration</text>
<text id="3061">%null%</text>
<text id="3062">%null%</text>
<text id="3063">%null%</text>
<text id="3064">%null%</text>
<text id="3065">%null%</text>
<text id="3066">%null%</text>
<text id="3067">%null%</text>
<text id="3068">%null%</text>
<text id="3069">%null%</text>
<text id="3070">Shortens spell casting time</text>
<text id="3071">%null%</text>
<text id="3072">%null%</text>
<text id="3073">%null%</text>
<text id="3074">%null%</text>
<text id="3075">%null%</text>
<text id="3076">%null%</text>
<text id="3077">%null%</text>
<text id="3078">%null%</text>
<text id="3079">%null%</text>
<text id="3080">Spells consume less FP, but maximum HP is reduced</text>
<text id="3081">%null%</text>
<text id="3082">%null%</text>
<text id="3083">%null%</text>
<text id="3084">%null%</text>
<text id="3085">%null%</text>
<text id="3086">%null%</text>
<text id="3087">%null%</text>
<text id="3088">%null%</text>
<text id="3089">%null%</text>
<text id="3090">Enhances charged spells and skills</text>
<text id="4000">Boosts physical damage negation</text>
<text id="4001">Greatly boosts physical damage negation</text>
<text id="4002">Vastly boosts physical damage negation</text>
<text id="4003">Enormously boosts physical damage negation</text>
<text id="4004">%null%</text>
<text id="4005">%null%</text>
<text id="4006">%null%</text>
<text id="4007">%null%</text>
<text id="4008">%null%</text>
<text id="4009">%null%</text>
<text id="4010">Boosts magical damage negation</text>
<text id="4011">Greatly boosts magical damage negation</text>
<text id="4012">Vastly boosts magical damage negation</text>
<text id="4013">%null%</text>
<text id="4014">%null%</text>
<text id="4015">%null%</text>
<text id="4016">%null%</text>
<text id="4017">%null%</text>
<text id="4018">%null%</text>
<text id="4019">%null%</text>
<text id="4020">Boosts fire damage negation</text>
<text id="4021">Greatly boosts fire damage negation</text>
<text id="4022">Vastly boosts fire damage negation</text>
<text id="4023">%null%</text>
<text id="4024">%null%</text>
<text id="4025">%null%</text>
<text id="4026">%null%</text>
<text id="4027">%null%</text>
<text id="4028">%null%</text>
<text id="4029">%null%</text>
<text id="4030">Boosts lightning damage negation</text>
<text id="4031">Greatly boosts lightning damage negation</text>
<text id="4032">Vastly boosts lightning damage negation</text>
<text id="4033">%null%</text>
<text id="4034">%null%</text>
<text id="4035">%null%</text>
<text id="4036">%null%</text>
<text id="4037">%null%</text>
<text id="4038">%null%</text>
<text id="4039">%null%</text>
<text id="4040">Boosts holy damage negation</text>
<text id="4041">Greatly boosts holy damage negation</text>
<text id="4042">Vastly boosts holy damage negation</text>
<text id="4043">%null%</text>
<text id="4044">%null%</text>
<text id="4045">%null%</text>
<text id="4046">%null%</text>
<text id="4047">%null%</text>
<text id="4048">%null%</text>
<text id="4049">%null%</text>
<text id="4050">Boosts non-physical damage negation</text>
<text id="4051">Greatly boosts non-physical damage negation</text>
<text id="4052">Vastly boosts non-physical damage negation</text>
<text id="4053">%null%</text>
<text id="4054">%null%</text>
<text id="4055">%null%</text>
<text id="4056">%null%</text>
<text id="4057">%null%</text>
<text id="4058">%null%</text>
<text id="4059">%null%</text>
<text id="4060">Reduces damage taken from critical hits</text>
<text id="4061">%null%</text>
<text id="4062">%null%</text>
<text id="4063">%null%</text>
<text id="4064">%null%</text>
<text id="4065">%null%</text>
<text id="4066">%null%</text>
<text id="4067">%null%</text>
<text id="4068">%null%</text>
<text id="4069">%null%</text>
<text id="4070">Improves dodge rolling but increases damage taken</text>
<text id="4071">%null%</text>
<text id="4072">%null%</text>
<text id="4073">%null%</text>
<text id="4074">%null%</text>
<text id="4075">%null%</text>
<text id="4076">%null%</text>
<text id="4077">%null%</text>
<text id="4078">%null%</text>
<text id="4079">%null%</text>
<text id="4080">Raises defense when HP is low</text>
<text id="4081">%null%</text>
<text id="4082">%null%</text>
<text id="4083">%null%</text>
<text id="4084">%null%</text>
<text id="4085">%null%</text>
<text id="4086">%null%</text>
<text id="4087">%null%</text>
<text id="4088">%null%</text>
<text id="4089">%null%</text>
<text id="4090">Raises defense when HP is at maximum</text>
<text id="4091">%null%</text>
<text id="4092">%null%</text>
<text id="4093">%null%</text>
<text id="4094">%null%</text>
<text id="4095">%null%</text>
<text id="4096">%null%</text>
<text id="4097">%null%</text>
<text id="4098">%null%</text>
<text id="4099">%null%</text>
<text id="4100">Boosts guarding ability</text>
<text id="4101">%null%</text>
<text id="4102">%null%</text>
<text id="4103">%null%</text>
<text id="4104">%null%</text>
<text id="4105">%null%</text>
<text id="4106">%null%</text>
<text id="4107">%null%</text>
<text id="4108">%null%</text>
<text id="4109">%null%</text>
<text id="4110">Reduces damage and impact of headshots</text>
<text id="5000">Boosts HP restoration from Flask of Crimson Tears</text>
<text id="5001">%null%</text>
<text id="5002">%null%</text>
<text id="5003">%null%</text>
<text id="5004">%null%</text>
<text id="5005">%null%</text>
<text id="5006">%null%</text>
<text id="5007">%null%</text>
<text id="5008">%null%</text>
<text id="5009">%null%</text>
<text id="5010">Boosts FP restoration from Flask of Cerulean Tears</text>
<text id="5011">%null%</text>
<text id="5012">%null%</text>
<text id="5013">%null%</text>
<text id="5014">%null%</text>
<text id="5015">%null%</text>
<text id="5016">%null%</text>
<text id="5017">%null%</text>
<text id="5018">%null%</text>
<text id="5019">%null%</text>
<text id="5020">Slowly restores HP</text>
<text id="5021">%null%</text>
<text id="5022">%null%</text>
<text id="5023">%null%</text>
<text id="5024">%null%</text>
<text id="5025">%null%</text>
<text id="5026">%null%</text>
<text id="5027">%null%</text>
<text id="5028">%null%</text>
<text id="5029">%null%</text>
<text id="5030">Restores HP upon defeating enemies</text>
<text id="5031">%null%</text>
<text id="5032">%null%</text>
<text id="5033">%null%</text>
<text id="5034">%null%</text>
<text id="5035">%null%</text>
<text id="5036">%null%</text>
<text id="5037">%null%</text>
<text id="5038">%null%</text>
<text id="5039">%null%</text>
<text id="5040">Successive attacks restore HP</text>
<text id="5041">%null%</text>
<text id="5042">%null%</text>
<text id="5043">%null%</text>
<text id="5044">%null%</text>
<text id="5045">%null%</text>
<text id="5046">%null%</text>
<text id="5047">%null%</text>
<text id="5048">%null%</text>
<text id="5049">%null%</text>
<text id="5050">Critical hits restore HP</text>
<text id="5051">%null%</text>
<text id="5052">%null%</text>
<text id="5053">%null%</text>
<text id="5054">%null%</text>
<text id="5055">%null%</text>
<text id="5056">%null%</text>
<text id="5057">%null%</text>
<text id="5058">%null%</text>
<text id="5059">%null%</text>
<text id="5060">Critical hits restore FP</text>
<text id="6000">Eliminates all sound made by the wearer during movement</text>
<text id="6001">%null%</text>
<text id="6002">%null%</text>
<text id="6003">%null%</text>
<text id="6004">%null%</text>
<text id="6005">%null%</text>
<text id="6006">%null%</text>
<text id="6007">%null%</text>
<text id="6008">%null%</text>
<text id="6009">%null%</text>
<text id="6010">Conceals wearer while crouching away from foes</text>
<text id="6011">%null%</text>
<text id="6012">%null%</text>
<text id="6013">%null%</text>
<text id="6014">%null%</text>
<text id="6015">%null%</text>
<text id="6016">%null%</text>
<text id="6017">%null%</text>
<text id="6018">%null%</text>
<text id="6019">%null%</text>
<text id="6020">Lowers FP consumed by skills</text>
<text id="6040">Grants immunity to fall damage, but does not prevent death from a high fall</text>
<text id="6041">%null%</text>
<text id="6042">%null%</text>
<text id="6043">%null%</text>
<text id="6044">%null%</text>
<text id="6045">%null%</text>
<text id="6046">%null%</text>
<text id="6047">%null%</text>
<text id="6048">%null%</text>
<text id="6049">%null%</text>
<text id="6050">Constantly attracts enemies' aggression</text>
<text id="6051">%null%</text>
<text id="6052">%null%</text>
<text id="6053">%null%</text>
<text id="6054">%null%</text>
<text id="6055">%null%</text>
<text id="6056">%null%</text>
<text id="6057">%null%</text>
<text id="6058">%null%</text>
<text id="6059">%null%</text>
<text id="6060">Increases damage taken</text>
<text id="6061">%null%</text>
<text id="6062">%null%</text>
<text id="6063">%null%</text>
<text id="6064">%null%</text>
<text id="6065">%null%</text>
<text id="6066">%null%</text>
<text id="6067">%null%</text>
<text id="6068">%null%</text>
<text id="6069">%null%</text>
<text id="6070">Will be lost on death in place of runes</text>
<text id="6071">%null%</text>
<text id="6072">%null%</text>
<text id="6073">%null%</text>
<text id="6074">%null%</text>
<text id="6075">%null%</text>
<text id="6076">%null%</text>
<text id="6077">%null%</text>
<text id="6078">%null%</text>
<text id="6079">%null%</text>
<text id="6080">Take on appearance of a Host of Fingers</text>
<text id="6081">%null%</text>
<text id="6082">%null%</text>
<text id="6083">%null%</text>
<text id="6084">%null%</text>
<text id="6085">%null%</text>
<text id="6086">%null%</text>
<text id="6087">%null%</text>
<text id="6088">%null%</text>
<text id="6089">%null%</text>
<text id="6090">Take on appearance of a cooperator</text>
<text id="6091">%null%</text>
<text id="6092">%null%</text>
<text id="6093">%null%</text>
<text id="6094">%null%</text>
<text id="6095">%null%</text>
<text id="6096">%null%</text>
<text id="6097">%null%</text>
<text id="6098">%null%</text>
<text id="6099">%null%</text>
<text id="6100">Changes demeanour of wearer's actions</text>
<text id="6101">%null%</text>
<text id="6102">%null%</text>
<text id="6103">%null%</text>
<text id="6104">%null%</text>
<text id="6105">%null%</text>
<text id="6106">%null%</text>
<text id="6107">%null%</text>
<text id="6108">%null%</text>
<text id="6109">%null%</text>
<text id="6110">Restores FP upon defeating enemies</text>
</entries>
</fmg>