﻿<?xml version="1.0" encoding="utf-8"?>
<fmg>
<compression>None</compression>
<version>DarkSouls3</version>
<bigendian>False</bigendian>
<entries>
<text id="10">[ERROR]test gem 1</text>
<text id="11">%null%</text>
<text id="12">%null%</text>
<text id="13">%null%</text>
<text id="14">%null%</text>
<text id="15">%null%</text>
<text id="16">%null%</text>
<text id="17">%null%</text>
<text id="18">%null%</text>
<text id="19">%null%</text>
<text id="20">[ERROR]test gem 2</text>
<text id="21">%null%</text>
<text id="22">%null%</text>
<text id="23">%null%</text>
<text id="24">%null%</text>
<text id="25">%null%</text>
<text id="26">%null%</text>
<text id="27">%null%</text>
<text id="28">%null%</text>
<text id="29">%null%</text>
<text id="30">[ERROR]test gem 3</text>
<text id="31">%null%</text>
<text id="32">%null%</text>
<text id="33">%null%</text>
<text id="34">%null%</text>
<text id="35">%null%</text>
<text id="36">%null%</text>
<text id="37">%null%</text>
<text id="38">%null%</text>
<text id="39">%null%</text>
<text id="40">[ERROR]</text>
<text id="41">[ERROR]</text>
<text id="80">[ERROR]</text>
<text id="81">[ERROR]</text>
<text id="82">[ERROR]</text>
<text id="83">[ERROR]</text>
<text id="84">[ERROR]</text>
<text id="85">[ERROR]</text>
<text id="86">[ERROR]</text>
<text id="87">[ERROR]</text>
<text id="88">[ERROR]</text>
<text id="89">[ERROR]</text>
<text id="90">[ERROR]</text>
<text id="91">%null%</text>
<text id="92">%null%</text>
<text id="93">%null%</text>
<text id="94">%null%</text>
<text id="95">%null%</text>
<text id="96">%null%</text>
<text id="97">%null%</text>
<text id="98">%null%</text>
<text id="99">%null%</text>
<text id="100">[ERROR]</text>
<text id="101">[ERROR]</text>
<text id="102">[ERROR]</text>
<text id="103">[ERROR]</text>
<text id="104">[ERROR]</text>
<text id="105">[ERROR]</text>
<text id="106">[ERROR]</text>
<text id="107">[ERROR]</text>
<text id="108">[ERROR]</text>
<text id="109">[ERROR]</text>
<text id="110">[ERROR]</text>
<text id="111">[ERROR]</text>
<text id="112">[ERROR]</text>
<text id="113">[ERROR]</text>
<text id="114">[ERROR]</text>
<text id="115">[ERROR]</text>
<text id="116">[ERROR]</text>
<text id="117">[ERROR]</text>
<text id="118">[ERROR]</text>
<text id="119">[ERROR]</text>
<text id="120">[ERROR]</text>
<text id="121">[ERROR]</text>
<text id="122">[ERROR]</text>
<text id="123">[ERROR]</text>
<text id="124">[ERROR]</text>
<text id="125">[ERROR]</text>
<text id="126">[ERROR]</text>
<text id="127">[ERROR]</text>
<text id="128">[ERROR]</text>
<text id="129">[ERROR]</text>
<text id="130">[ERROR]</text>
<text id="131">[ERROR]</text>
<text id="132">[ERROR]</text>
<text id="133">[ERROR]</text>
<text id="134">[ERROR]</text>
<text id="135">[ERROR]</text>
<text id="136">[ERROR]</text>
<text id="137">[ERROR]</text>
<text id="138">[ERROR]</text>
<text id="139">[ERROR]</text>
<text id="140">[ERROR]</text>
<text id="141">[ERROR]</text>
<text id="142">[ERROR]</text>
<text id="143">[ERROR]</text>
<text id="144">[ERROR]</text>
<text id="145">%null%</text>
<text id="146">[ERROR]</text>
<text id="147">[ERROR]</text>
<text id="148">[ERROR]</text>
<text id="149">[ERROR]</text>
<text id="150">%null%</text>
<text id="151">[ERROR]</text>
<text id="152">[ERROR]</text>
<text id="153">[ERROR]</text>
<text id="154">[ERROR]</text>
<text id="155">[ERROR]</text>
<text id="156">[ERROR]</text>
<text id="157">[ERROR]</text>
<text id="158">[ERROR]</text>
<text id="159">[ERROR]</text>
<text id="160">[ERROR]</text>
<text id="161">[ERROR]</text>
<text id="162">%null%</text>
<text id="163">[ERROR]</text>
<text id="164">[ERROR]</text>
<text id="165">[ERROR]</text>
<text id="166">[ERROR]</text>
<text id="167">[ERROR]</text>
<text id="168">[ERROR]</text>
<text id="169">[ERROR]</text>
<text id="170">[ERROR]</text>
<text id="171">[ERROR]</text>
<text id="172">%null%</text>
<text id="173">[ERROR]</text>
<text id="174">[ERROR]</text>
<text id="175">[ERROR]</text>
<text id="176">[ERROR]</text>
<text id="177">[ERROR]</text>
<text id="178">[ERROR]</text>
<text id="179">[ERROR]</text>
<text id="180">[ERROR]</text>
<text id="181">[ERROR]</text>
<text id="182">[ERROR]</text>
<text id="183">[ERROR]</text>
<text id="184">[ERROR]</text>
<text id="185">[ERROR]</text>
<text id="186">[ERROR]</text>
<text id="187">[ERROR]</text>
<text id="188">%null%</text>
<text id="189">%null%</text>
<text id="190">[ERROR]</text>
<text id="191">[ERROR]</text>
<text id="192">[ERROR]</text>
<text id="193">%null%</text>
<text id="194">[ERROR]</text>
<text id="195">[ERROR]</text>
<text id="196">[ERROR]</text>
<text id="197">[ERROR]</text>
<text id="198">[ERROR]</text>
<text id="1000">[ERROR]</text>
<text id="1001">[ERROR]</text>
<text id="1002">[ERROR]</text>
<text id="1003">[ERROR]</text>
<text id="1004">[ERROR]</text>
<text id="1005">[ERROR]</text>
<text id="1006">[ERROR]</text>
<text id="1007">[ERROR]</text>
<text id="1008">[ERROR]</text>
<text id="1009">[ERROR]</text>
<text id="1010">[ERROR]</text>
<text id="1011">[ERROR]</text>
<text id="1012">[ERROR]</text>
<text id="1013">[ERROR]</text>
<text id="1014">[ERROR]</text>
<text id="1015">[ERROR]</text>
<text id="1016">[ERROR]</text>
<text id="1017">[ERROR]</text>
<text id="10000">Ash of War: Lion's Claw</text>
<text id="10100">Ash of War: Impaling Thrust</text>
<text id="10200">Ash of War: Piercing Fang</text>
<text id="10300">Ash of War: Spinning Slash</text>
<text id="10500">Ash of War: Charge Forth</text>
<text id="10600">Ash of War: Stamp (Upward Cut)</text>
<text id="10700">Ash of War: Stamp (Sweep)</text>
<text id="10800">Ash of War: Blood Tax</text>
<text id="10900">Ash of War: Repeating Thrust</text>
<text id="11000">Ash of War: Wild Strikes</text>
<text id="11100">Ash of War: Spinning Strikes</text>
<text id="11200">Ash of War: Double Slash</text>
<text id="11300">Ash of War: Prelate's Charge</text>
<text id="11400">Ash of War: Unsheathe</text>
<text id="11500">Ash of War: Square Off</text>
<text id="11600">Ash of War: Giant Hunt</text>
<text id="11700">Ash of War: Torch Attack</text>
<text id="11800">Ash of War: Loretta's Slash</text>
<text id="11900">Ash of War: Poison Moth Flight</text>
<text id="12000">Ash of War: Spinning Weapon</text>
<text id="12100">Ashes of War: Wicked Stance</text>
<text id="12200">Ash of War: Storm Assault</text>
<text id="12300">Ash of War: Stormcaller</text>
<text id="12400">Ash of War: Sword Dance</text>
<text id="12500">Ash of War: Spinning Chain</text>
<text id="20000">Ash of War: Glintblade Phalanx</text>
<text id="20100">Ash of War: Sacred Blade</text>
<text id="20200">Ash of War: Ice Spear</text>
<text id="20300">Ash of War: Glintstone Pebble</text>
<text id="20400">Ash of War: Bloody Slash</text>
<text id="20500">Ash of War: Lifesteal Fist</text>
<text id="20700">Ash of War: Eruption</text>
<text id="20800">Ash of War: Prayerful Strike</text>
<text id="20900">Ash of War: Gravitas</text>
<text id="21000">Ash of War: Storm Blade</text>
<text id="21200">Ash of War: Earthshaker</text>
<text id="21300">Ash of War: Golden Land</text>
<text id="21400">Ash of War: Flaming Strike</text>
<text id="21600">Ash of War: Thunderbolt</text>
<text id="21700">Ash of War: Lightning Slash</text>
<text id="21800">Ash of War: Carian Grandeur</text>
<text id="21900">Ash of War: Carian Greatsword</text>
<text id="22000">Ash of War: Vacuum Slice</text>
<text id="22100">Ash of War: Black Flame Tornado</text>
<text id="22200">Ash of War: Sacred Ring of Light</text>
<text id="22300">Ash of War: Firebreather</text>
<text id="22400">Ash of War: Blood Blade</text>
<text id="22500">Ash of War: Phantom Slash</text>
<text id="22600">Ash of War: Spectral Lance</text>
<text id="22700">Ash of War: Chilling Mist</text>
<text id="22800">Ash of War: Poisonous Mist</text>
<text id="30000">Ash of War: Shield Bash</text>
<text id="30100">Ash of War: Barricade Shield</text>
<text id="30200">Ash of War: Parry</text>
<text id="30300">Ash of War: Buckler Parry</text>
<text id="30400">Ash of War: Parry</text>
<text id="30500">Ash of War: Carian Retaliation</text>
<text id="30600">Ash of War: Storm Wall</text>
<text id="30700">Ash of War: Golden Parry</text>
<text id="30800">Ash of War: Shield Crash</text>
<text id="30900">Ash of War: No Skill</text>
<text id="31000">Ash of War: Thops's Barrier</text>
<text id="40000">Ash of War: Through and Through</text>
<text id="40100">Ash of War: Barrage</text>
<text id="40200">Ash of War: Mighty Shot</text>
<text id="40400">Ash of War: Enchanted Shot</text>
<text id="40500">Ash of War: Sky Shot</text>
<text id="40600">Ash of War: Rain of Arrows</text>
<text id="40700">Ashes of War: Invisible Arrow</text>
<text id="50100">Ash of War: Hoarfrost Stomp</text>
<text id="50200">Ash of War: Storm Stomp</text>
<text id="50300">Ash of War: Kick</text>
<text id="50400">Ash of War: Lightning Ram</text>
<text id="50500">Ash of War: Flame of the Redmanes</text>
<text id="50600">Ash of War: Ground Slam</text>
<text id="50700">Ash of War: Golden Slam</text>
<text id="50800">Ash of War: Waves of Darkness</text>
<text id="50900">Ash of War: Hoarah Loux's Earthshaker</text>
<text id="60000">Ash of War: Determination</text>
<text id="60100">Ash of War: Royal Knight's Resolve</text>
<text id="60200">Ash of War: Assassin's Gambit</text>
<text id="60300">Ash of War: Golden Vow</text>
<text id="60400">Ash of War: Sacred Order</text>
<text id="60500">Ash of War: Shared Order</text>
<text id="60600">Ash of War: Seppuku</text>
<text id="60700">Ash of War: Cragblade</text>
<text id="65000">Ash of War: Barbaric Roar</text>
<text id="65100">Ash of War: War Cry</text>
<text id="65200">Ash of War: Beast's Roar</text>
<text id="65300">Ash of War: Troll's Roar</text>
<text id="65400">Ash of War: Braggart's Roar</text>
<text id="70000">Ash of War: Endure</text>
<text id="70100">Ash of War: Vow of the Indomitable</text>
<text id="70200">Ash of War: Holy Ground</text>
<text id="80000">Ash of War: Quickstep</text>
<text id="80100">Ash of War: Bloodhound's Step</text>
<text id="80200">Ash of War: Raptor of the Mists</text>
<text id="85000">Ash of War: White Shadow's Lure</text>
</entries>
</fmg>