﻿<?xml version="1.0" encoding="utf-8"?>
<fmg>
<compression>None</compression>
<version>DarkSouls3</version>
<bigendian>False</bigendian>
<entries>
<text id="200"> </text>
<text id="1000"> </text>
<text id="1100"> </text>
<text id="1200">%null%</text>
<text id="1300">%null%</text>
<text id="1400">%null%</text>
<text id="1500">%null%</text>
<text id="1600">%null%</text>
<text id="1700">%null%</text>
<text id="1800">%null%</text>
<text id="1900">%null%</text>
<text id="2000">%null%</text>
<text id="2100">%null%</text>
<text id="2200">%null%</text>
<text id="2300">%null%</text>
<text id="2400">%null%</text>
<text id="2500">%null%</text>
<text id="2600">%null%</text>
<text id="2700">%null%</text>
<text id="2800">%null%</text>
<text id="2900">%null%</text>
<text id="3000">%null%</text>
<text id="3100">%null%</text>
<text id="3200">%null%</text>
<text id="3300">%null%</text>
<text id="3400">%null%</text>
<text id="3500">%null%</text>
<text id="3600">%null%</text>
<text id="3700">%null%</text>
<text id="3800">%null%</text>
<text id="3900">%null%</text>
<text id="4000">%null%</text>
<text id="4100">%null%</text>
<text id="4200">%null%</text>
<text id="4300">%null%</text>
<text id="4400">%null%</text>
<text id="4500">%null%</text>
<text id="4600">%null%</text>
<text id="4700">%null%</text>
<text id="4800">%null%</text>
<text id="4900">%null%</text>
<text id="5000">%null%</text>
<text id="40000">An ordinary iron helmet</text>
<text id="40100">Armor composed of small metal plates</text>
<text id="40200">Ordinary iron gauntlets</text>
<text id="40300">Well-made leather trousers</text>
<text id="50000">Helm worn by Kaiden sellswords</text>
<text id="50100">Armor worn by Kaiden sellswords</text>
<text id="50200">Gauntlets worn by Kaiden sellswords</text>
<text id="50300">Trousers worn by Kaiden sellswords</text>
<text id="60000">Malformed helm fused with dragon flesh</text>
<text id="60100">Malformed armor fused with dragon flesh</text>
<text id="60200">Malformed gauntlets fused with dragon flesh</text>
<text id="60300">Malformed greaves fused with dragon flesh</text>
<text id="61000">Malformed light helm fused with dragon flesh</text>
<text id="61100">Malformed armor fused with dragon flesh</text>
<text id="80000">Helm made from layered ancient dragon scales</text>
<text id="80100">Armor made from layered ancient dragon scales</text>
<text id="80200">Gauntlets made from layered ancient dragon scales</text>
<text id="80300">Greaves made from layered ancient dragon scales</text>
<text id="81100">Armor made of layered ancient dragon scales</text>
<text id="90000">Hood of an Erdtree Capital perfumer</text>
<text id="90100">Robe of an Erdtree Capital perfumer</text>
<text id="90200">Gloves of an Erdtree Capital perfumer</text>
<text id="90300">Sarong of an Erdtree Capital perfumer</text>
<text id="91100">Tunic of an Erdtree Capital perfumer</text>
<text id="100000">Leather tricorne of an unaffiliated perfumer</text>
<text id="100100">Robe of an unaffiliated perfumer</text>
<text id="100200">Gloves of an unaffiliated perfumer</text>
<text id="100300">Trousers of an unaffiliated perfumer</text>
<text id="101100">Tunic of an unaffiliated perfumer</text>
<text id="120000">Hat of a defected glintstone sorcerer</text>
<text id="120100">Robe of a defected glintstone sorcerer</text>
<text id="120200">Gloves of a defected glintstone sorcerer</text>
<text id="120300">Boots of a defected glintstone sorcerer</text>
<text id="121000">Cowl of a defected glintstone sorcerer</text>
<text id="121100">Tunic of a defected glintstone sorcerer</text>
<text id="130000">Glintstone sorcerer Rogier's hat</text>
<text id="130100">Glintstone sorcerer Rogier's cape</text>
<text id="130200">Glintstone sorcerer Rogier's gloves</text>
<text id="130300">Glintstone sorcerer Rogier's Trousers</text>
<text id="131100">Glintstone sorcerer Rogier's vest</text>
<text id="140000">Great Horned Tragoth's helm</text>
<text id="140100">Great Horned Tragoth's armor</text>
<text id="140200">Great Horned Tragoth's gauntlets</text>
<text id="140300">Great Horned Tragoth's greaves</text>
<text id="150000">Bloody Finger Hunter Yura's umbrella</text>
<text id="150100">Bloody Finger Hunter Yura's armor</text>
<text id="150200">Bloody Finger Hunter Yura's gauntlets</text>
<text id="150300">Bloody Finger Hunter Yura's greaves</text>
<text id="151100">Bloody Finger Hunter's armor</text>
<text id="160000">Coarse hooded cloak of olive brown</text>
<text id="160100">Garb made of rough material</text>
<text id="160200">Arm wraps made of rough material</text>
<text id="160300">Trousers made of rough material</text>
<text id="170000">Helm made with the head of an old wolf</text>
<text id="170100">Armor of Blaidd, Knight of Ranni</text>
<text id="170200">Gauntlets of Blaidd, Knight of Ranni</text>
<text id="170300">Greaves of Blaidd, Knight of Ranni</text>
<text id="171100">Armor of Blaidd, Knight of Ranni</text>
<text id="180000">Hood used by the Black Blade Assassins</text>
<text id="180100">Armor used by the Black Blade Assassins</text>
<text id="180200">Gauntlets used by the Black Blade Assassins</text>
<text id="180300">Greaves used by the Black Blade Assassins</text>
<text id="181100">Armor used by the Black Blade Assassins</text>
<text id="190000">Deep red hood that covers the whole head</text>
<text id="190100">Worn body armor, wrapped in a great cloth </text>
<text id="190200">Iron gauntlets worn by salt winds and battle</text>
<text id="190300">Iron greaves worn by salt winds and battle</text>
<text id="200000">Knight's helm covered in a long cloth of deep red</text>
<text id="200100">Knight's armor, worn by salt winds and battle</text>
<text id="200200">Knight's gauntlets, worn by salt winds and battle</text>
<text id="200300">Knight's greaves, worn by salt winds and battle</text>
<text id="201000">Helm of a Stormveil Knight</text>
<text id="201100">Armor of a Stormveil Knight</text>
<text id="210000">Helm worn by Condor Knights</text>
<text id="210100">Armor worn by Condor Knights</text>
<text id="210200">Gauntlets worn by Condor Knights</text>
<text id="210300">Greaves worn by Condor Knights</text>
<text id="211100">Armor worn by Condor Knights</text>
<text id="220000">Hood worn by pages</text>
<text id="220100">Garb worn by pages</text>
<text id="220300">Trousers worn by pages</text>
<text id="221100">Tunic worn by pages</text>
<text id="230000">Helm covered in blackened bloodstains</text>
<text id="230100">Armor covered in blackened bloodstains</text>
<text id="230200">Gauntlets covered in blackened bloodstains</text>
<text id="230300">Greaves covered in blackened bloodstains</text>
<text id="231000">Light helm covered in blackened bloodstains</text>
<text id="231100">Armor covered in blackened bloodstains</text>
<text id="240000">Chainmail hood made of motherly silver</text>
<text id="240100">Chainmail armor made of motherly silver</text>
<text id="240200">Bracelets made of motherly silver</text>
<text id="240300">Chainmail skirt made of motherly silver</text>
<text id="241100">Armor made of motherly silver</text>
<text id="250000">Peddler Kalé's hat</text>
<text id="250100">Peddler Kalé's cloak</text>
<text id="250300">Peddler Kalé's trousers</text>
<text id="251100">Peddler Kalé's vest</text>
<text id="260000">Malformed, golden helm used by Gnarrl</text>
<text id="260100">Malformed, golden armor used by Gnarrl</text>
<text id="260200">Malformed, golden gauntlets used by Gnarrl</text>
<text id="260300">Malformed, golden greaves used by Gnarrl</text>
<text id="270000">Helm of a Tree Sentinel</text>
<text id="270100">Armor of a Tree Sentinel</text>
<text id="270200">Gauntlets of a Tree Sentinel</text>
<text id="270300">Greaves of a Tree Sentinel</text>
<text id="271100">Armor of a Tree Sentinel</text>
<text id="280000">Helm of an Arbor Sentinel</text>
<text id="280100">Armor of an Arbor Sentinel</text>
<text id="280200">Gauntlets of an Arbor Sentinel</text>
<text id="280300">Greaves of an Arbor Sentinel</text>
<text id="281100">Armor of an Arbor Sentinel</text>
<text id="290000">Hood worn by members of the Empyrean family</text>
<text id="290100">Armor worn by members of the Empyrean family</text>
<text id="290200">Bracelets worn by members of the Empyrean family</text>
<text id="290300">Waistcloth worn by members of the Empyrean family</text>
<text id="291000">Headband worn by members of the Empyrean family</text>
<text id="291100">Vest worn by members of the Empyrean family</text>
<text id="292000">Crown worn by members of the Empyrean family</text>
<text id="292100">Robe worn by members of the Empyrean family</text>
<text id="293000">Crown worn by members of the Empyrean family</text>
<text id="293100">Tunic worn by members of the Empyrean family</text>
<text id="294000">Crown worn by members of the Empyrean family</text>
<text id="294100">Tunic worn by members of the Empyrean family</text>
<text id="300000">Headband worn by worshippers of stag specters</text>
<text id="300100">Garb worn by worshippers of stag specters</text>
<text id="300300">Leggings worn by worshippers of stag specters</text>
<text id="301000">%null%</text>
<text id="301100">%null%</text>
<text id="301300">%null%</text>
<text id="310000">Bronze helm adorned with many snakes</text>
<text id="310100">Robe made from a beast pelt</text>
<text id="310300">Bronze anklets adorned with snakes</text>
<text id="311100">Bronze bracelets adorned with snakes</text>
<text id="320000">Hood of dyed black cloth featuring gold embroidery</text>
<text id="320100">Robe of dyed black cloth featuring gold embroidery</text>
<text id="320300">Waistcloth of dyed black material</text>
<text id="330000">Mask worn by the people of rotted abundance</text>
<text id="330100">Armor worn by the people of rotted abundance</text>
<text id="330200">Gauntlets worn by the people of rotted abundance</text>
<text id="330300">Greaves worn by the people of rotted abundance</text>
<text id="331100">Vest worn by the people of rotted abundance</text>
<text id="340000">Helm of a Wing Knight. Somewhat decayed...</text>
<text id="340100">Armor of a Wing Knight. Somewhat decayed...</text>
<text id="340200">Gauntlets of a Wing Knight. Somewhat decayed...</text>
<text id="340300">Greaves of a Wing Knight. Somewhat decayed...</text>
<text id="341000">Light helm of a Wing Knight. Somewhat decayed…</text>
<text id="341100">Armor of a Wing Knight. Somewhat decayed…</text>
<text id="350000">Mail helm covering a headband engraved with flames</text>
<text id="350100">Fire Monk armor adorned with a red cloth</text>
<text id="350200">Fire Monk gauntlets which resemble flames</text>
<text id="350300">Fire Monk greaves which resemble flames</text>
<text id="351000">Chain helm worn above a fire shaped crown</text>
<text id="351100">Godskin Monk armor adorned with a white cloth</text>
<text id="351200">Godskin Monk gauntlets which resemble flames</text>
<text id="351300">Godskin Monk greaves which resemble flames</text>
<text id="360000">Fire Prelate helm sculpted in the image of a sage</text>
<text id="360100">Fire Prelate armor adorned with a red cloth</text>
<text id="360200">Fire Prelate gauntlets which resemble flames</text>
<text id="360300">Fire Prelate greaves which resemble flames</text>
<text id="361100">Fire Prelate armor adorned with a red cloth</text>
<text id="370000">Aristocrat headband, decorated with fine goldwork</text>
<text id="370100">Aristocrat garb featuring fine gold embroidery</text>
<text id="370300">Aristocrat boots, made of thick leather</text>
<text id="371100">Aristocrat garb, adorned with golden embroidery</text>
<text id="380000">Aristocrat hat, decorated with a marcescent feather</text>
<text id="380100">Aristocrat coat featuring fine gold embroidery</text>
<text id="390000">Aristocrat hood, made from superior cloth</text>
<text id="390100">Aristocrat gown featuring fine gold embroidery</text>
<text id="390300">Aristocrat shoes made from sturdy leather</text>
<text id="420000">Helm worn by wandering soldiers</text>
<text id="420100">Armor worn by wandering soldiers</text>
<text id="420200">Gloves worn by wandering soldiers</text>
<text id="420300">Boots worn by wandering soldiers</text>
<text id="430000">Hood of a travelling musician gripped by death</text>
<text id="430100">Robe of a travelling musician gripped by death</text>
<text id="430300">Waistcloth of travelling musician gripped by death</text>
<text id="440000">Oval helmet large enough to cover any head</text>
<text id="460000">Crown of Godfrey, the first Elden Lord</text>
<text id="460100">Armor of Godfrey, the first Elden Lord</text>
<text id="460200">Gauntlets of Godfrey, the first Elden Lord</text>
<text id="460300">Greaves of Godfrey, the first Elden Lord</text>
<text id="461100">Armor of Godfrey, the first Elden Lord</text>
<text id="470000">Helm of Radahn, God of War</text>
<text id="470100">Armor of Radahn, God of War</text>
<text id="470200">Gauntlets of Radahn, God of War</text>
<text id="470300">Greaves of Radahn, God of War</text>
<text id="471100">Armor of Radahn, God of War</text>
<text id="480100">Robe of Mohg, Lord of Blood</text>
<text id="481100">Gown of Mohg, Lord of Blood</text>
<text id="510000">Crown of Rennala, the Full Moon Witch</text>
<text id="510100">Robe of Rennala, the Full Moon Witch</text>
<text id="510200">Bracelet of Rennala, the Full Moon Witch</text>
<text id="510300">Trousers of Rennala, the Full Moon Witch</text>
<text id="520000">Hood made from tanned Demigod skin</text>
<text id="520100">Robe made from tanned Demigod skin</text>
<text id="520200">Bracelets made from tanned Demigod skin</text>
<text id="520300">Boots made from tanned Demigod skin</text>
<text id="530000">Hood made from tanned corpulent Demigod skin</text>
<text id="530100">Robe made from tanned corpulent Demigod skin</text>
<text id="530200">Bracelets made from tanned corpulent Demigod skin</text>
<text id="530300">Boots made from tanned corpulent Demigod skin</text>
<text id="540000">Hood of a depraved perfumer gripped by madness</text>
<text id="540100">Robe of a depraved perfumer gripped by madness</text>
<text id="540200">Gloves of a depraved perfumer gripped by madness</text>
<text id="540300">Boots of a depraved perfumer gripped by madness</text>
<text id="541100">Tunic of a depraved perfumer gripped by madness</text>
<text id="570000">Helm used by Ordovis of the Crucible and his men</text>
<text id="570100">Armor used by Ordovis of the Crucible and his men</text>
<text id="570200">Gauntlets used by the Crucible Knights</text>
<text id="570300">Greaves used by the Crucible Knights</text>
<text id="571000">Helm used by Siluria of the Crucible and her men</text>
<text id="571100">Armor used by Siluria of the Crucible and her men</text>
<text id="572100">Armor used by Ordovis of the Crucible and his men</text>
<text id="573100">Armor used by Siluria of the Crucible and her men</text>
<text id="580000">Skull-merged Crown of a Crystal Sorcerer</text>
<text id="580100">Dull red robe of a Crystal Sorcerer</text>
<text id="580200">Dull red  arm wraps of a Crystal Sorcerer</text>
<text id="580300">Dull red waistcloth of a Crystal Sorcerer</text>
<text id="581000">Blue transparent crown of a Crystal Sorcerer</text>
<text id="581100">Blue transparent robe of a Crystal Sorcerer</text>
<text id="581200">Blue transparent arm wraps of a Crystal Sorcerer</text>
<text id="590000">Helm of Gideon Ofnir, the All-Knowing</text>
<text id="590100">Armor of Gideon Ofnir, the All-Knowing</text>
<text id="590200">Gauntlets of Gideon Ofnir, the All-Knowing</text>
<text id="590300">Greaves of Gideon Ofnir, the All-Knowing</text>
<text id="591100">Armor of Gideon Ofnir, the All-Knowing</text>
<text id="600000">Helm worn by D, Knight of the Golden Order</text>
<text id="600100">Armor worn by D, Knight of the Golden Order</text>
<text id="600200">Gauntlets worn by D, Knight of the Golden Order</text>
<text id="600300">Greaves worn by D, Knight of the Golden Order</text>
<text id="601100">Armor worn by D, Knight of the Golden Order</text>
<text id="601300">Greaves worn by D, Knight of the Golden Order</text>
<text id="610000">Helm pieced together from scavenged metal</text>
<text id="610100">Armor pieced together from scavenged metal</text>
<text id="610200">Gauntlets pieced together from scavenged metal</text>
<text id="610300">Greaves pieced together from scavenged metal</text>
<text id="611000">Helm pieced together from scavenged metal</text>
<text id="611100">Armor pieced together from scavenged metal</text>
<text id="620000">Blindfold of the exiled prophets</text>
<text id="620100">Robe of the exiled prophets</text>
<text id="620300">Trousers of the exiled prophets</text>
<text id="621100">Robe of the exiled prophets</text>
<text id="622100">Tunic of the exiled prophets</text>
<text id="630000">Hood of the glintstone polishers</text>
<text id="630100">Robe of the glintstone polishers</text>
<text id="630200">Gloves of the glintstone polishers</text>
<text id="630300">Trousers of the glintstone polishers</text>
<text id="631100">Robe of the glintstone polishers</text>
<text id="640000">Oddly shaped helm used by foreign knights</text>
<text id="640100">Oddly shaped armor used by foreign knights</text>
<text id="640200">Oddly shaped gauntlets used by foreign knights</text>
<text id="640300">Oddly shaped greaves used by foreign knights</text>
<text id="641100">Oddly shaped armor used by foreign knights</text>
<text id="650000">Heavy helm passed down through the Hoslow family</text>
<text id="650100">Armor passed down through the Hoslow family</text>
<text id="650200">Gauntlets passed down through the Hoslow family</text>
<text id="650300">Greaves passed down through the Hoslow family</text>
<text id="651000">Helm passed down through the Hoslow family</text>
<text id="652100">Armor passed down through the Hoslow family</text>
<text id="660000">Helm of a banished knight</text>
<text id="660100">Armor  of a banished knight</text>
<text id="660200">Gauntlets of a banished knight</text>
<text id="660300">Greaves of a banished knight</text>
<text id="661100">Chest Piece of a banished knight</text>
<text id="670000">Cowl of a nomadic warrior, made of blue cloth</text>
<text id="670100">Vest of a nomadic warrior, made of blue cloth</text>
<text id="670200">Gauntlets of a nomadic warrior</text>
<text id="670300">Greaves of a nomadic warrior</text>
<text id="680000">Strange birch mask that hides one's expression</text>
<text id="680100">Old white tunic, stained with blood</text>
<text id="680200">Physician's gloves made from thick leather</text>
<text id="680300">Physician's trousers made from thick leather</text>
<text id="681100">Physician's vest made from thick leather</text>
<text id="690000">Mask that mediates via body of famed ancestor</text>
<text id="690100">Armor that mediates via body of famed ancestor</text>
<text id="690200">Gauntlets that mediate via body of famed ancestor</text>
<text id="690300">Greaves that mediate via body of famed ancestor</text>
<text id="700000">Headband of a warrior of the frigid uplands</text>
<text id="700100">Battlewear of a warrior of the frigid uplands</text>
<text id="700200">Gauntlets of a warrior of the frigid uplands</text>
<text id="700300">Greaves of a warrior of the frigid uplands</text>
<text id="701000">Helm of a warrior of the frigid uplands</text>
<text id="702000">Battlewear of a warrior of the frigid uplands</text>
<text id="720000">Helm of Belnahr the Traitor</text>
<text id="720100">Armor of Belnahr the Traitor</text>
<text id="720200">Gauntlets of Belnahr the Traitor</text>
<text id="720300">Greaves of Belnahr the Traitor</text>
<text id="721100">Armor of Belnahr the Traitor</text>
<text id="730000">Headband reserved for the badlands' bravest</text>
<text id="730100">Pauldron reserved for the badlands' bravest</text>
<text id="730200">Gauntlets reserved for the badlands' bravest</text>
<text id="730300">Gaiters formed only of leather straps</text>
<text id="740000">Hooded cloak of expatriated royalty</text>
<text id="740100">Armor of expatriated royalty</text>
<text id="740200">Gloves of expatriated royalty</text>
<text id="740300">Trousers of expatriated royalty</text>
<text id="741000">Hooded cloak of expatriated royalty</text>
<text id="760000">Helm of Maliketh the Black Blade</text>
<text id="760100">Armor of Maliketh the Black Blade</text>
<text id="760200">Gauntlets of Maliketh the Black Blade</text>
<text id="760300">Greaves of Maliketh the Black Blade</text>
<text id="761100">Armor of Maliketh the Black Blade</text>
<text id="770000">Helm of Arbitress Malenia</text>
<text id="770100">Armor of Arbitress Malenia</text>
<text id="770200">Gauntlets of Arbitress Malenia</text>
<text id="770300">Greaves of Arbitress Malenia</text>
<text id="771100">Armor of Arbitress Malenia</text>
<text id="780000">Veteran General's old helm</text>
<text id="780100">Veteran General's old armor</text>
<text id="780200">Veteran General's old gauntlets</text>
<text id="780300">Veteran General's old greaves</text>
<text id="781100">Veteran General's old armor</text>
<text id="790000">Beast-like helm of the Bloodhound Knights</text>
<text id="790100">Beast-like armor of the Bloodhound Knights</text>
<text id="790200">Beast-like gauntlets of the Bloodhound Knights</text>
<text id="790300">Beast-like greaves of the Bloodhound Knights</text>
<text id="791100">Beast-like armor of the Bloodhound Knights</text>
<text id="800000">Hood worn for a humble festival</text>
<text id="800100">Cloak worn for a humble festival</text>
<text id="801000">Wreath of flowers worn for a humble festival</text>
<text id="801100">Ceremonial garb worn for a humble festival</text>
<text id="802000">Hood worn for a humble festival</text>
<text id="802100">Cloak worn for a humble festival</text>
<text id="810000">Hood of a rune cursed citizen</text>
<text id="810100">Garb of a rune cursed citizen</text>
<text id="810300">Waistcloth of a rune cursed citizen</text>
<text id="811000">Garb of a rune cursed citizen</text>
<text id="811100">Garb of a rune cursed citizen</text>
<text id="812000">Crown of a rune cursed citizen</text>
<text id="812100">Garb of a rune cursed citizen</text>
<text id="820000">Head concealing silver robe</text>
<text id="830000">Stone mask of the Twin Crystal Sage</text>
<text id="830100">Robe worn by Raya Lucaria's magic scholars</text>
<text id="830200">Manchettes worn by Raya Lucaria's magic scholars</text>
<text id="830300">Leggings worn by Raya Lucaria's magic scholars</text>
<text id="831000">Stone mask of a Gold Amber Sage</text>
<text id="832000">Stone mask of a Red Glintstone Sage</text>
<text id="833000">Stone mask depicting the wise Karolos</text>
<text id="834000">Stone mask of a Green Glintstone Sage</text>
<text id="834100">Broken stone mask with fractured Glintstone</text>
<text id="840000">Cylindrical helm worn by marionette soldiers</text>
<text id="840100">Armor of lattice plate worn by marionette soldiers</text>
<text id="850000">Iron mask worn by marionette soldiers</text>
<text id="860000">Helm of Vargram the Bloody Wolf</text>
<text id="860100">Armor of Vargram the Bloody Wolf</text>
<text id="860200">Gauntlets of Vargram the Bloody Wolf</text>
<text id="860300">Greaves of Vargram the Bloody Wolf</text>
<text id="861100">Breastplate of Vargram the Bloody Wolf</text>
<text id="870000">Helm of a warrior from the land of reeds</text>
<text id="870100">Chest piece of a warrior from the land of reeds</text>
<text id="870200">Gauntlets of a warrior from the land of reeds</text>
<text id="870300">Greaves of a warrior from the land of reeds</text>
<text id="871100">Armor of a warrior from the land of reeds</text>
<text id="872000">Mask adorned with a land of reeds veteran warrior</text>
<text id="872100">Stomach band of a land of reeds veteran warrior</text>
<text id="872200">Gauntlets of a land of reeds veteran warrior</text>
<text id="872300">Greaves of a land of reeds veteran warrior</text>
<text id="880000">Black hood of those who kill for a living</text>
<text id="880100">Black robe of those who kill for a living</text>
<text id="880200">Gloves of those who kill for a living</text>
<text id="880300">Boots of those who kill for a living</text>
<text id="881000">Mask of those who kill for a living</text>
<text id="881100">Vest of those who kill for a living</text>
<text id="890000">Iron mask worn by grave offenders</text>
<text id="890100">Tattered clothing</text>
<text id="890300">Tattered trousers</text>
<text id="891000">Iron mask worn by only the most violent offenders</text>
<text id="900000">Hood worn by traveling clerics</text>
<text id="900100">Robe worn by traveling clerics</text>
<text id="900200">Gloves worn by traveling clerics</text>
<text id="900300">Skirt worn by traveling clerics</text>
<text id="901100">Tunic worn by traveling clerics</text>
<text id="902000">Crown worn by Saints</text>
<text id="902100">Dress worn by Saints</text>
<text id="902300">Skirt worn by Saints</text>
<text id="903100">Tunic worn by Saints</text>
<text id="910000">Hat worn by ruthless Chaplains</text>
<text id="910100">Gown worn by ruthless Chaplains</text>
<text id="910200">Gloves worn by ruthless Chaplains</text>
<text id="910300">Boots worn by ruthless Chaplains</text>
<text id="911000">Hood worn by ruthless Chaplains</text>
<text id="911100">Vest worn by ruthless Chaplains</text>
<text id="920000">Headdress made from wildflowers</text>
<text id="930000">Hood worn by followers of the deadly birds</text>
<text id="930100">Cloak worn by followers of the deadly birds</text>
<text id="930200">Wraps worn by followers of the deadly birds</text>
<text id="930300">Trousers worn by followers of the deadly birds</text>
<text id="931100">Vest worn by followers of the deadly birds</text>
<text id="940000">Deathwatch, Jerren's hood</text>
<text id="940100">Deathwatch, Jerren's armor</text>
<text id="940200">Deathwatch, Jerren's gauntlets</text>
<text id="940300">Deathwatch, Jerren's tights</text>
<text id="941000">Deathwatch, Jerren's helm</text>
<text id="950000">Deformed helm of a mad knight in despair</text>
<text id="950100">Deformed armor of a mad knight in despair</text>
<text id="950200">Deformed gauntlets of a mad knight in despair</text>
<text id="950300">Deformed greaves of a mad knight in despair</text>
<text id="951100">Deformed armor of a mad knight in despair</text>
<text id="960000">White mask of Tanith, Lady of the Volcano Manor</text>
<text id="960100">Dress of Tanith, Lady of the Volcano Manor</text>
<text id="960300">Skirt of Tanith, Lady of the Volcano Manor</text>
<text id="961000">Stone mask of Rya, servant to the Volcano Manor</text>
<text id="961100">Extravagantly embroidered noble's robe</text>
<text id="962100">Extravagantly embroidered noble's gown</text>
<text id="963000">An eerie white haired silver mask</text>
<text id="963100">Noble's cape woven with sturdy fabric</text>
<text id="963200">Noble's waistcloth woven with sturdy fabric</text>
<text id="964000">Bandages dirtied with blood</text>
<text id="964100">Noble's gown woven with sturdy fabric</text>
<text id="970000">Mask of a curse gnawed Omen</text>
<text id="970100">Armor of a curse gnawed Omen</text>
<text id="970200">Gauntlets of a curse gnawed Omen</text>
<text id="970300">Greaves of a curse gnawed Omen</text>
<text id="980000">Helm of enchanted Carian knights</text>
<text id="980100">Armor of enchanted Carian knights</text>
<text id="980200">Gauntlets of enchanted Carian knights</text>
<text id="980300">Greaves of enchanted Carian knights</text>
<text id="981100">Armor of enchanted Carian knights</text>
<text id="990000">Eyepatch worn by a great sorcerer turned hermit</text>
<text id="990100">Cape worn by a great sorcerer turned hermit</text>
<text id="990200">Arm wraps worn by a great sorcerer turned hermit</text>
<text id="990300">Shoes worn by a great sorcerer turned hermit</text>
<text id="991100">Tunic worn by a great sorcerer turned hermit</text>
<text id="1000000">Mask of an unaffiliated glintstone sorcerer</text>
<text id="1000100">Robe of an unaffiliated glintstone sorcerer</text>
<text id="1000200">Arm wraps of an unaffiliated glintstone sorcerer</text>
<text id="1000300">Waistcloth of an unaffiliated glintstone sorcerer</text>
<text id="1010000">Hat worn by Enchantress Ranni</text>
<text id="1010100">Robe worn by Enchantress Ranni</text>
<text id="1010300">Skirt worn by Enchantress Ranni</text>
<text id="1011100">Dress worn by Enchantress Ranni</text>
<text id="1020100">Robe worn by Malenia</text>
<text id="1020200">Arm wraps worn by Malenia</text>
<text id="1020300">Skirt worn by Malenia</text>
<text id="1030000">Cap worn by students of the Raya Lucaria Academy</text>
<text id="1030100">Robe worn by students of the Raya Lucaria Academy</text>
<text id="1040000">Mask worn by researchers of the Golden Order</text>
<text id="1040100">Robe worn by researchers of the Golden Order</text>
<text id="1040200">Arm wraps worn by researchers of the Golden Order</text>
<text id="1040300">Waistcloth worn by researchers of the Golden Order</text>
<text id="1050100">Robe worn by Morgott, the Elden Lord</text>
<text id="1060000">Helm modeled after the silent Frog People</text>
<text id="1060100">Chainmail worn by the silent Frog People</text>
<text id="1070000">Mask worn by an ancient hero</text>
<text id="1070100">Armor worn by an ancient hero</text>
<text id="1070200">Arm wraps worn by an ancient hero</text>
<text id="1070300">Waistcloth worn by an ancient hero</text>
<text id="1080000">Ancient mask with an animal motif</text>
<text id="1081000">Ancient mask with an animal motif</text>
<text id="1082000">Ancient mask with an animal motif</text>
<text id="1083000">Ancient mask with an animal motif</text>
<text id="1084000">Ancient mask with an animal motif</text>
<text id="1085000">Ancient mask with an animal motif</text>
<text id="1090000">Head covering formed from silver tears</text>
<text id="1100000">Helm made of woven chain</text>
<text id="1100100">Chest piece made of woven chain</text>
<text id="1100200">Gauntlets made of woven chain</text>
<text id="1100300">Greaves made of woven chain</text>
<text id="1101000">Sturdy helm made from iron</text>
<text id="1101100">Iron armor with a surcoat attached</text>
<text id="1102100">Iron armor with a blue surcoat attached</text>
<text id="1110000">Helm modeled after a Land Octopus</text>
<text id="1120000">This sturdy jar might serve well as a helm</text>
<text id="1130000">Helm with slime mold growing on it</text>
<text id="1130100">Armor with slime mold growing on it</text>
<text id="1130200">Arm wraps with slime mold growing on them</text>
<text id="1130300">Leg wraps with slime mold growing on it</text>
<text id="1300000">Shining helm decorated with a mirror</text>
<text id="1301000">Shining helm decorated on all sides with mirrors</text>
<text id="1400000">Dirty hood worn by bandits</text>
<text id="1400100">Dirty leather armor worn by bandits</text>
<text id="1400200">Dirty gloves worn by bandits</text>
<text id="1400300">Dirty boots worn by bandits</text>
<text id="1401000">Dirty garb worn by bandits</text>
<text id="1500000">Iron helm worn by foreign knights</text>
<text id="1500100">Iron armor worn by foreign knights</text>
<text id="1500200">Iron gauntlets worn by foreign knights</text>
<text id="1500300">Iron greaves worn by foreign knights</text>
<text id="1600000">Hood with a mysterious silhouette</text>
<text id="1700000">Helm used by Stormveil Knights</text>
<text id="1700100">Armor used by Stormveil Knights</text>
<text id="1700200">Gauntlets used by Stormveil Knights</text>
<text id="1700300">Greaves used by Stormveil Knights</text>
<text id="1710000">Helm used by Raya Lucaria Academy Knights</text>
<text id="1710100">Armor used by Raya Lucaria Academy Knights</text>
<text id="1710200">Gauntlets used by Raya Lucaria Academy Knights</text>
<text id="1710300">Greaves used by Raya Lucaria Academy Knights</text>
<text id="1720000">Helm used by Capital Knights</text>
<text id="1720100">Armor used by Capital Knights</text>
<text id="1720200">Gauntlets used by Capital Knights</text>
<text id="1720300">Greaves used by Capital Knights</text>
<text id="1730000">Helm used by Caelid Wilds Knights</text>
<text id="1730100">Armor used by Caelid Wilds Knights</text>
<text id="1730200">Gauntlets used by Caelid Wilds Knights</text>
<text id="1730300">Greaves used by Caelid Wilds Knights</text>
<text id="1740100">Armor used by Mausoleum Knights</text>
<text id="1740200">Gauntlets used by Mausoleum Knights</text>
<text id="1740300">Greaves used by Mausoleum Knights</text>
<text id="1750000">Helm used by Knights of Miquella</text>
<text id="1750100">Armor used by Knights of Miquella</text>
<text id="1750200">Gauntlets used by Knights of Miquella</text>
<text id="1750300">Greaves used by Knights of Miquella</text>
<text id="1760000">Helm used by Capital Knights</text>
<text id="1760100">Armor used by Capital Knights</text>
<text id="1760200">Gauntlets used by Capital Knights</text>
<text id="1760300">Greaves used by Capital Knights</text>
<text id="1761100">Armor used by Capital Knights</text>
<text id="1770000">Helm used by Stormveil Elite Knights</text>
<text id="1770100">Armor used by Stormveil Elite Knights</text>
<text id="1770200">Gauntlets used by Stormveil Elite Knights</text>
<text id="1770300">Greaves used by Stormveil Elite Knights</text>
<text id="1771100">Armor used by Stormveil Elite Knights</text>
<text id="1780000">Helm of Raya Lucaria Academy Elite Knights</text>
<text id="1780100">Armor of Raya Lucaria Academy Elite Knights</text>
<text id="1780200">Gauntlets of Raya Lucaria Academy Elite Knights</text>
<text id="1780300">Greaves of Raya Lucaria Academy Elite Knights</text>
<text id="1781100">Armor of Raya Lucaria Academy Elite Knights</text>
<text id="1790000">Helm used by Elite Capital Knights</text>
<text id="1790100">Armor used by Elite Capital Knights</text>
<text id="1790200">Gauntlets used by Elite Capital Knights</text>
<text id="1790300">Greaves used by Elite Capital Knights</text>
<text id="1791100">Armor used by Elite Capital Knights</text>
<text id="1800000">Helm used by Elite Caelid Wilds Knights</text>
<text id="1800100">Armor used by Elite Caelid Wilds Knights</text>
<text id="1800200">Gauntlets used by Elite Caelid Wilds Knights</text>
<text id="1800300">Greaves used by Elite Caelid Wilds Knights</text>
<text id="1801100">Armor used by Elite Caelid Wilds Knights</text>
<text id="1810100">Armor used by Elite Mausoleum Knights</text>
<text id="1810200">Gauntlets used by Elite Mausoleum Knights</text>
<text id="1810300">Greaves used by Elite Mausoleum Knights</text>
<text id="1811100">Armor used by Elite Mausoleum Knights</text>
<text id="1820000">Helm used by Elite Knights of Miquella</text>
<text id="1820100">Armor used by Elite Knights of Miquella</text>
<text id="1820200">Gauntlets used by Elite Knights of Miquella</text>
<text id="1820300">Greaves used by Elite Knights of Miquella</text>
<text id="1821100">Armor used by Elite Knights of Miquella</text>
<text id="1830000">Helm used by Stormveil Soldiers</text>
<text id="1830100">Armor used by Stormveil Soldiers</text>
<text id="1830200">Gauntlets used by Stormveil Soldiers</text>
<text id="1830300">Greaves used by Stormveil Soldiers</text>
<text id="1840000">Helm used by Raya Lucaria Academy Soldiers</text>
<text id="1840100">Armor used by Raya Lucaria Academy Soldiers</text>
<text id="1850000">Helm used by Capital Soldiers</text>
<text id="1850100">Armor used by Capital Soldiers</text>
<text id="1860000">Helm used by Caelid Wilds Patrol Soldiers</text>
<text id="1860100">Armor used by Caelid Wilds Patrol Soldiers</text>
<text id="1870100">Armor used by Mausoleum Soldiers</text>
<text id="1880000">Helm used by Miquella's Soldiers</text>
<text id="1880100">Armor used by Miquella's Soldiers</text>
<text id="1890000">Mask worn by Executioners</text>
<text id="1890100">Robe worn by Executioners</text>
<text id="1890200">Gloves worn by Executioners</text>
<text id="1890300">Boots worn by Executioners</text>
<text id="1900000">Mask made from a large, old white scarab's body</text>
<text id="1900100">Mask made from a large, old red scarab's body</text>
<text id="1900200">Mask made from a large, old blue scarab's body</text>
<text id="1910000">Mask made from a large, old yellow scarab's body</text>
<text id="1920000">Mask made from a large, old green scarab's body</text>
<text id="1930100">Dress worn by Phia, the Deathbed Companion</text>
<text id="1930300">Skirt worn by Phia, the Deathbed Companion</text>
<text id="1940000">Hood worn by Phia, the Deathbed Companion</text>
<text id="1940100">Robe worn by Phia, the Deathbed Companion</text>
<text id="1941100">Gown worn by Phia, the Deathbed Companion</text>
<text id="1950000"> </text>
<text id="1950100">Robe worn by Millicent the Rotting</text>
<text id="1950200">Gloves worn by Millicent the Rotting</text>
<text id="1950300">Boots worn by Millicent the Rotting</text>
<text id="1960000"> </text>
<text id="1970100">Tunic worn by Millicent the Rotting</text>
<text id="1970200">Golden prosthetic forged using ancient techniques</text>
<text id="1980000">Hood worn by cave-dwelling foot soldiers</text>
<text id="1980100">Robe worn by cave-dwelling foot soldiers</text>
<text id="1980200">Gloves worn by cave-dwelling foot soldiers</text>
<text id="1990000">Hood of a Page loyal to a certain noble family</text>
<text id="1990100">Garb of a Page loyal to a certain noble family</text>
<text id="1991100">Vest of a Page loyal to a certain noble family</text>
<text id="2000000">Scarlet-bronze helm adorned with many snakes</text>
<text id="2000100">Robe fashioned from the pelt of a deadly beast</text>
<text id="2000300">Scarlet-bronze bracelet depicting coiled snakes</text>
<text id="2001100">Scarlet-bronze anklet depicting coiled snakes</text>
<text id="2010000">Garland crown of large flowers rotted by poison</text>
<text id="2020000">Red cloth blindfold used to cover prisoners' eyes</text>
<text id="2030000">Sorcerer's robe, dyed in a beautiful cerulean hue</text>
</entries>
</fmg>