﻿<?xml version="1.0" encoding="utf-8"?>
<fmg>
<compression>None</compression>
<version>DarkSouls3</version>
<bigendian>False</bigendian>
<entries>
<text id="10">%null%</text>
<text id="11">%null%</text>
<text id="12">%null%</text>
<text id="13">%null%</text>
<text id="14">%null%</text>
<text id="15">%null%</text>
<text id="16">%null%</text>
<text id="17">%null%</text>
<text id="18">%null%</text>
<text id="19">%null%</text>
<text id="20">%null%</text>
<text id="21">%null%</text>
<text id="22">%null%</text>
<text id="23">%null%</text>
<text id="24">%null%</text>
<text id="25">%null%</text>
<text id="26">%null%</text>
<text id="27">%null%</text>
<text id="28">%null%</text>
<text id="29">%null%</text>
<text id="30">%null%</text>
<text id="80">%null%</text>
<text id="81">%null%</text>
<text id="82">%null%</text>
<text id="83">%null%</text>
<text id="84">%null%</text>
<text id="85">%null%</text>
<text id="86">%null%</text>
<text id="87">%null%</text>
<text id="88">%null%</text>
<text id="89">%null%</text>
<text id="90">%null%</text>
<text id="91">%null%</text>
<text id="92">%null%</text>
<text id="93">%null%</text>
<text id="94">%null%</text>
<text id="95">%null%</text>
<text id="96">%null%</text>
<text id="97">%null%</text>
<text id="98">%null%</text>
<text id="99">%null%</text>
<text id="100">%null%</text>
<text id="101">%null%</text>
<text id="102">%null%</text>
<text id="103">%null%</text>
<text id="104">%null%</text>
<text id="105">%null%</text>
<text id="106">%null%</text>
<text id="107">%null%</text>
<text id="108">%null%</text>
<text id="109">%null%</text>
<text id="110">%null%</text>
<text id="111">%null%</text>
<text id="112">%null%</text>
<text id="113">%null%</text>
<text id="114">%null%</text>
<text id="115">%null%</text>
<text id="116">%null%</text>
<text id="117">%null%</text>
<text id="118">%null%</text>
<text id="119">%null%</text>
<text id="120">%null%</text>
<text id="121">%null%</text>
<text id="122">%null%</text>
<text id="123">%null%</text>
<text id="124">%null%</text>
<text id="125">%null%</text>
<text id="126">%null%</text>
<text id="127">%null%</text>
<text id="128">%null%</text>
<text id="129">%null%</text>
<text id="130">%null%</text>
<text id="131">%null%</text>
<text id="132">%null%</text>
<text id="133">%null%</text>
<text id="134">%null%</text>
<text id="135">%null%</text>
<text id="136">%null%</text>
<text id="137">%null%</text>
<text id="138">%null%</text>
<text id="139">%null%</text>
<text id="140">%null%</text>
<text id="141">%null%</text>
<text id="142">%null%</text>
<text id="143">%null%</text>
<text id="144">%null%</text>
<text id="145">%null%</text>
<text id="146">%null%</text>
<text id="147">%null%</text>
<text id="148">%null%</text>
<text id="149">%null%</text>
<text id="150">%null%</text>
<text id="151">%null%</text>
<text id="152">%null%</text>
<text id="153">%null%</text>
<text id="154">%null%</text>
<text id="155">%null%</text>
<text id="156">%null%</text>
<text id="157">%null%</text>
<text id="158">%null%</text>
<text id="159">%null%</text>
<text id="160">%null%</text>
<text id="161">%null%</text>
<text id="162">%null%</text>
<text id="163">%null%</text>
<text id="164">%null%</text>
<text id="165">%null%</text>
<text id="166">%null%</text>
<text id="167">%null%</text>
<text id="168">%null%</text>
<text id="169">%null%</text>
<text id="170">%null%</text>
<text id="171">%null%</text>
<text id="172">%null%</text>
<text id="173">%null%</text>
<text id="174">%null%</text>
<text id="175">%null%</text>
<text id="176">%null%</text>
<text id="177">%null%</text>
<text id="178">%null%</text>
<text id="179">%null%</text>
<text id="180">%null%</text>
<text id="181">%null%</text>
<text id="182">%null%</text>
<text id="183">%null%</text>
<text id="184">%null%</text>
<text id="185">%null%</text>
<text id="186">%null%</text>
<text id="187">%null%</text>
<text id="188">%null%</text>
<text id="189">%null%</text>
<text id="190">%null%</text>
<text id="191">%null%</text>
<text id="192">%null%</text>
<text id="193">%null%</text>
<text id="194">%null%</text>
<text id="1000">%null%</text>
<text id="1001">%null%</text>
<text id="1002">%null%</text>
<text id="1003">%null%</text>
<text id="1004">%null%</text>
<text id="1005">%null%</text>
<text id="1006">%null%</text>
<text id="1007">%null%</text>
<text id="1008">%null%</text>
<text id="1009">%null%</text>
<text id="1010">%null%</text>
<text id="1011">%null%</text>
<text id="1012">%null%</text>
<text id="1013">%null%</text>
<text id="1014">%null%</text>
<text id="1015">%null%</text>
<text id="1016">%null%</text>
<text id="1017">%null%</text>
<text id="10000">Grants affinities and skills to an armament</text>
<text id="10100">Grants affinities and skills to an armament</text>
<text id="10200">Grants affinities and skills to an armament</text>
<text id="10300">Grants affinities and skills to an armament</text>
<text id="10500">Grants affinities and skills to an armament</text>
<text id="10600">Grants affinities and skills to an armament</text>
<text id="10700">Grants affinities and skills to an armament</text>
<text id="10800">Grants affinities and skills to an armament</text>
<text id="10900">Grants affinities and skills to an armament</text>
<text id="11000">Grants affinities and skills to an armament</text>
<text id="11100">Grants affinities and skills to an armament</text>
<text id="11200">Grants affinities and skills to an armament</text>
<text id="11300">Grants affinities and skills to an armament</text>
<text id="11400">Grants affinities and skills to an armament</text>
<text id="11500">Grants affinities and skills to an armament</text>
<text id="11600">Grants affinities and skills to an armament</text>
<text id="11700">Grants affinities and Skills to an armament</text>
<text id="11800">Grants affinities and skills to an armament</text>
<text id="11900">Grants affinities and skills to an armament</text>
<text id="12000">Grants affinities and skills to an armament</text>
<text id="12100">Assign attack type and skill to weapon</text>
<text id="12200">Grants affinities and skills to an armament</text>
<text id="12300">Grants affinities and skills to an armament</text>
<text id="12400">Grants affinities and skills to an armament</text>
<text id="12500">Grants affinities and Skills to an armament</text>
<text id="20000">Grants affinities and skills to an armament</text>
<text id="20100">Grants affinities and skills to an armament</text>
<text id="20200">Grants affinities and skills to an armament</text>
<text id="20300">Grants affinities and skills to an armament</text>
<text id="20400">Grants affinities and skills to an armament</text>
<text id="20500">Grants affinities and skills to an armament</text>
<text id="20700">Grants affinities and skills to an armament</text>
<text id="20800">Grants affinities and skills to an armament</text>
<text id="20900">Grants affinities and skills to an armament</text>
<text id="21000">Grants affinities and skills to an armament</text>
<text id="21200">Grants affinities and skills to an armament</text>
<text id="21300">Grants affinities and skills to an armament</text>
<text id="21400">Grants affinities and skills to an armament</text>
<text id="21600">Grants affinities and skills to an armament</text>
<text id="21700">Grants affinities and skills to an armament</text>
<text id="21800">Grants affinities and skills to an armament</text>
<text id="21900">Grants affinities and skills to an armament</text>
<text id="22000">Grants affinities and skills to an armament</text>
<text id="22100">Grants affinities and skills to an armament</text>
<text id="22200">Grants affinities and skills to an armament</text>
<text id="22300">Grants affinities and Skills to an armament</text>
<text id="22400">Grants affinities and skills to an armament</text>
<text id="22500">Grants affinities and skills to an armament</text>
<text id="22600">Grants affinities and skills to an armament</text>
<text id="22700">Grants affinities and skills to an armament</text>
<text id="22800">Grants affinities and skills to an armament</text>
<text id="30000">Grants affinities and skills to an armament</text>
<text id="30100">Grants affinities and skills to an armament</text>
<text id="30200">Grants affinities and skills to an armament</text>
<text id="30300">Grants affinities and Skills to an armament</text>
<text id="30400">Grants affinities and Skills to an armament</text>
<text id="30500">Grants affinities and skills to an armament</text>
<text id="30600">Grants affinities and skills to an armament</text>
<text id="30700">Grants affinities and skills to an armament</text>
<text id="30800">Grants affinities and skills to an armament</text>
<text id="30900">Grants affinities and skills to an armament</text>
<text id="31000">Grants affinities and skills to an armament</text>
<text id="40000">Grants affinities and skills to an armament</text>
<text id="40100">Grants affinities and skills to an armament</text>
<text id="40200">Grants affinities and skills to an armament</text>
<text id="40400">Grants affinities and skills to an armament</text>
<text id="40500">Grants affinities and skills to an armament</text>
<text id="40600">Grants affinities and skills to an armament</text>
<text id="40700">Assign attack type and skill to weapon</text>
<text id="50100">Grants affinities and skills to an armament</text>
<text id="50200">Grants affinities and skills to an armament</text>
<text id="50300">Grants affinities and skills to an armament</text>
<text id="50400">Grants affinities and skills to an armament</text>
<text id="50500">Grants affinities and skills to an armament</text>
<text id="50600">Grants affinities and skills to an armament</text>
<text id="50700">Grants affinities and skills to an armament</text>
<text id="50800">Grants affinities and skills to an armament</text>
<text id="50900">Grants affinities and skills to an armament</text>
<text id="60000">Grants affinities and skills to an armament</text>
<text id="60100">Grants affinities and skills to an armament</text>
<text id="60200">Grants affinities and skills to an armament</text>
<text id="60300">Grants affinities and skills to an armament</text>
<text id="60400">Grants affinities and skills to an armament</text>
<text id="60500">Grants affinities and skills to an armament</text>
<text id="60600">Grants affinities and skills to an armament</text>
<text id="60700">Grants affinities and skills to an armament</text>
<text id="65000">Grants affinities and skills to an armament</text>
<text id="65100">Grants affinities and skills to an armament</text>
<text id="65200">Grants affinities and skills to an armament</text>
<text id="65300">Grants affinities and skills to an armament</text>
<text id="65400">Grants affinities and skills to an armament</text>
<text id="70000">Grants affinities and skills to an armament</text>
<text id="70100">Grants affinities and skills to an armament</text>
<text id="70200">Grants affinities and skills to an armament</text>
<text id="80000">Grants affinities and skills to an armament</text>
<text id="80100">Grants affinities and skills to an armament</text>
<text id="80200">Grants affinities and skills to an armament</text>
<text id="85000">Grants affinities and skills to an armament</text>
</entries>
</fmg>